time,meantemp,humidity,wind_speed,meanpressure
1356969600.0,10.0,84.5,0.0,1015.6666666666666
1357056000.0,7.4,92.0,2.98,1017.8
1357142400.0,7.166666666666667,87.0,4.633333333333334,1018.6666666666666
1357228800.0,8.666666666666666,71.33333333333333,1.2333333333333334,1017.1666666666666
1357315200.0,6.0,86.83333333333333,3.7,1016.5
1357401600.0,7.0,82.8,1.48,1018.0
1357488000.0,7.0,78.6,6.3,1020.0
1357574400.0,8.857142857142858,63.71428571428572,7.142857142857143,1018.7142857142856
1357660800.0,14.0,51.25,12.5,1017.0
1357747200.0,11.0,62.0,7.399999999999999,1015.6666666666666
1357833600.0,15.714285714285714,51.285714285714285,10.571428571428571,1016.1428571428572
1357920000.0,14.0,74.0,13.228571428571428,1015.5714285714286
1358006400.0,15.833333333333334,75.16666666666667,4.633333333333334,1013.3333333333334
1358092800.0,12.833333333333334,88.16666666666667,0.6166666666666667,1015.1666666666666
1358179200.0,14.714285714285714,71.85714285714286,0.5285714285714286,1015.8571428571428
1358265600.0,13.833333333333334,86.66666666666667,0.0,1016.6666666666666
1358352000.0,16.5,80.83333333333333,5.250000000000001,1015.8333333333334
1358438400.0,13.833333333333334,92.16666666666669,8.950000000000001,1014.5
1358524800.0,12.5,76.66666666666667,5.883333333333333,1021.6666666666666
1358611200.0,11.285714285714286,75.28571428571429,8.471428571428572,1020.2857142857144
1358697600.0,11.2,77.0,2.22,1021.0
1358784000.0,9.5,79.66666666666667,3.083333333333333,1021.8
1358870400.0,14.0,60.16666666666666,4.016666666666667,1020.5
1358956800.0,13.833333333333334,60.66666666666666,6.166666666666667,1020.5
1359043200.0,12.25,67.0,5.55,1020.75
1359129600.0,12.666666666666666,64.16666666666667,6.800000000000001,1019.6666666666666
1359216000.0,12.857142857142858,65.57142857142857,5.557142857142857,1018.1428571428572
1359302400.0,14.833333333333334,56.0,3.7,1017.8333333333334
1359388800.0,14.125,65.5,3.2375,1016.625
1359475200.0,14.714285714285714,70.42857142857143,1.0571428571428572,1017.8571428571428
1359561600.0,16.2,65.6,2.96,1018.4
1359648000.0,16.0,73.0,2.22,1016.0
1359734400.0,16.285714285714285,77.57142857142857,1.3285714285714287,1017.1428571428572
1359820800.0,18.0,65.57142857142857,1.8571428571428568,1015.2857142857144
1359907200.0,17.428571428571427,74.28571428571429,11.114285714285714,1014.5714285714286
1359993600.0,16.625,92.375,9.725,1016.375
1360080000.0,16.666666666666668,71.33333333333333,8.633333333333333,1018.6666666666666
1360166400.0,15.6,59.4,10.74,1018.6
1360252800.0,14.0,70.42857142857143,9.257142857142856,1017.1428571428572
1360339200.0,15.428571428571429,61.285714285714285,9.257142857142856,1016.8571428571428
1360425600.0,15.25,71.5,3.475,1017.125
1360512000.0,15.875,70.5,5.325,1016.5
1360598400.0,15.333333333333334,70.33333333333333,7.416666666666667,1017.5
1360684800.0,16.285714285714285,70.14285714285714,6.085714285714287,1016.0
1360771200.0,17.333333333333332,63.833333333333336,4.333333333333333,1014.1666666666666
1360857600.0,19.166666666666668,65.33333333333333,10.183333333333335,1011.6666666666666
1360944000.0,14.428571428571429,92.71428571428572,8.485714285714286,1008.0
1361030400.0,13.666666666666666,90.0,0.0,1012.6666666666666
1361116800.0,15.6,78.4,12.220000000000002,1016.2
1361203200.0,15.857142857142858,82.0,5.814285714285715,1015.7142857142856
1361289600.0,17.714285714285715,74.71428571428571,5.814285714285715,1017.0
1361376000.0,20.0,67.28571428571429,6.614285714285714,1015.4285714285714
1361462400.0,20.5,65.625,10.875000000000002,1016.0
1361548800.0,17.428571428571427,74.85714285714286,9.257142857142856,1017.0
1361635200.0,16.857142857142858,78.85714285714286,7.400000000000001,1018.8571428571428
1361721600.0,16.875,72.875,4.6375,1018.25
1361808000.0,17.857142857142858,70.0,17.587500000000002,1015.1428571428572
1361894400.0,20.8,57.2,6.660000000000001,1015.2
1361980800.0,19.428571428571427,52.85714285714285,12.957142857142856,1017.4285714285714
1362067200.0,17.333333333333332,49.333333333333336,24.066666666666663,1016.3333333333334
1362153600.0,19.0,54.0,15.725,1016.25
1362240000.0,19.33333333333333,62.833333333333336,8.633333333333333,1016.1666666666666
1362326400.0,17.6,71.0,5.5600000000000005,1015.8
1362412800.0,20.875,61.875,4.1625000000000005,1016.375
1362499200.0,20.857142857142858,65.28571428571429,6.871428571428573,1015.7142857142856
1362585600.0,23.428571428571427,57.142857142857146,8.728571428571428,1015.2857142857144
1362672000.0,24.166666666666668,44.833333333333336,7.1000000000000005,1014.8333333333334
1362758400.0,25.428571428571427,49.71428571428572,5.285714285714286,1009.2857142857144
1362844800.0,23.142857142857142,57.57142857142857,4.228571428571429,1008.0
1362931200.0,24.0,66.33333333333333,0.9333333333333332,1011.1666666666666
1363017600.0,23.5,62.5,4.933333333333334,1011.5
1363104000.0,21.5,70.5,5.55,1009.0
1363190400.0,22.33333333333333,61.16666666666666,12.033333333333331,1013.1666666666666
1363276800.0,24.166666666666668,45.833333333333336,7.716666666666668,1016.1666666666666
1363363200.0,20.33333333333333,67.66666666666667,3.7,1016.1666666666666
1363449600.0,22.666666666666668,58.66666666666666,8.95,1015.0
1363536000.0,23.428571428571427,58.142857142857146,17.457142857142856,1009.4285714285714
1363622400.0,22.5,73.66666666666667,10.483333333333333,1011.0
1363708800.0,29.166666666666668,36.333333333333336,6.800000000000001,1009.5
1363795200.0,23.83333333333333,58.5,10.5,1008.3333333333334
1363881600.0,25.25,50.25,9.7125,1006.375
1363968000.0,27.375,50.125,9.95,1007.625
1364054400.0,27.0,48.75,10.8875,1010.25
1364140800.0,23.5,45.5,15.9625,1010.625
1364227200.0,24.142857142857142,44.57142857142857,12.957142857142856,1008.8571428571428
1364313600.0,21.0,62.0,1.85,1009.0
1364400000.0,22.428571428571427,62.71428571428572,7.4142857142857155,1009.5714285714286
1364486400.0,21.25,70.375,5.550000000000001,1009.75
1364572800.0,23.5,54.75,11.1125,1008.625
1364659200.0,23.2,58.0,6.660000000000001,1008.6
1364745600.0,25.375,45.5,4.4,1008.5
1364832000.0,25.166666666666668,51.0,8.65,1009.5
1364918400.0,26.2,45.6,8.14,1009.0
1365004800.0,24.6,41.8,11.12,1007.8
1365091200.0,25.6,31.0,15.56,1007.0
1365177600.0,25.857142857142858,29.857142857142858,11.900000000000002,1006.1428571428572
1365264000.0,29.142857142857142,23.285714285714285,10.314285714285717,1005.0
1365350400.0,28.714285714285715,33.857142857142854,5.3,1006.0
1365436800.0,30.166666666666668,30.5,8.65,1005.3333333333334
1365523200.0,30.0,28.0,6.1,1006.7142857142856
1365609600.0,30.0,24.2,7.780000000000001,1006.4
1365696000.0,28.857142857142858,32.57142857142857,6.342857142857143,1007.5714285714286
1365782400.0,30.2,29.2,10.000000000000002,1008.4
1365868800.0,28.25,39.375,6.487499999999999,1007.0
1365955200.0,28.25,41.375,6.25,1003.875
1366041600.0,32.125,24.625,10.425,1000.0
1366128000.0,29.2,24.2,6.659999999999999,1002.2
1366214400.0,30.285714285714285,30.285714285714285,4.757142857142858,1002.8571428571428
1366300800.0,28.285714285714285,31.285714285714285,3.971428571428571,1002.5714285714286
1366387200.0,30.625,29.0,7.6375,1003.375
1366473600.0,27.666666666666668,38.66666666666666,13.883333333333333,1006.8333333333334
1366560000.0,27.375,45.375,7.650000000000001,1010.0
1366646400.0,28.625,44.125,4.625000000000001,1009.875
1366732800.0,30.285714285714285,41.71428571428572,2.1142857142857143,1008.5714285714286
1366819200.0,31.142857142857142,38.285714285714285,3.7,1007.7142857142856
1366905600.0,29.875,45.875,6.7125,1008.375
1366992000.0,31.142857142857142,31.428571428571427,13.485714285714286,1007.0
1367078400.0,30.571428571428573,28.0,12.971428571428572,1005.4285714285714
1367164800.0,32.125,26.375,7.875,1004.875
1367251200.0,31.142857142857142,32.0,7.928571428571429,1004.8571428571428
1367337600.0,31.857142857142858,15.857142857142858,12.685714285714289,1002.8333333333334
1367424000.0,29.83333333333333,22.166666666666668,11.433333333333335,1001.2
1367510400.0,28.571428571428573,31.571428571428573,9.0,999.4285714285714
1367596800.0,32.857142857142854,31.428571428571427,2.914285714285714,999.0
1367683200.0,32.625,31.125,3.0125,1000.625
1367769600.0,32.75,39.25,3.7,1001.625
1367856000.0,32.875,33.25,7.175000000000001,1002.0
1367942400.0,34.5,23.0,9.25,1001.1666666666666
1368028800.0,34.285714285714285,26.0,8.985714285714284,1000.8571428571428
1368115200.0,34.0,27.714285714285715,9.528571428571428,1000.1428571428572
1368201600.0,30.75,30.375,14.8125,999.875
1368288000.0,29.857142857142858,40.142857142857146,5.828571428571428,1003.7142857142856
1368374400.0,31.714285714285715,34.0,3.971428571428572,1003.5714285714286
1368460800.0,32.285714285714285,34.285714285714285,4.771428571428571,1001.5714285714286
1368547200.0,33.0,33.0,3.2375000000000003,999.8571428571428
1368633600.0,33.0,34.75,7.175000000000001,998.5
1368720000.0,32.833333333333336,28.166666666666668,9.866666666666667,1000.3333333333334
1368806400.0,31.4,42.2,12.966666666666669,999.0
1368892800.0,35.333333333333336,22.33333333333333,15.749999999999998,999.6666666666666
1368979200.0,36.4,24.2,7.4,998.4
1369065600.0,36.0,19.0,11.371428571428572,998.6666666666666
1369152000.0,36.75,22.125,17.5875,998.625
1369238400.0,37.5,23.33333333333333,13.566666666666668,997.1666666666666
1369324800.0,38.42857142857143,27.428571428571427,11.385714285714286,996.4285714285714
1369411200.0,38.71428571428572,22.428571428571427,10.314285714285717,998.1428571428572
1369497600.0,37.8,21.2,10.74,998.2
1369584000.0,35.857142857142854,31.571428571428573,8.72857142857143,999.1428571428572
1369670400.0,35.333333333333336,29.0,8.333333333333334,1000.1666666666666
1369756800.0,34.142857142857146,27.857142857142858,5.557142857142858,999.4285714285714
1369843200.0,32.2,28.2,5.5600000000000005,999.6
1369929600.0,33.625,40.125,10.6375,998.7142857142856
1370016000.0,32.0,54.0,13.4375,998.75
1370102400.0,32.4,56.6,14.2,1001.0
1370188800.0,35.6,47.0,12.239999999999998,999.6
1370275200.0,35.857142857142854,42.57142857142857,5.028571428571429,999.8571428571428
1370361600.0,37.16666666666666,36.5,9.866666666666664,998.0
1370448000.0,31.285714285714285,61.71428571428572,10.042857142857144,997.2857142857144
1370534400.0,34.0,49.25,7.412500000000001,998.0
1370620800.0,34.2,57.4,13.34,997.0
1370707200.0,36.16666666666666,40.0,11.416666666666666,995.1666666666666
1370793600.0,36.625,42.75,8.100000000000001,995.125
1370880000.0,30.166666666666668,61.66666666666666,16.349999999999998,1000.0
1370966400.0,34.142857142857146,54.142857142857146,7.4142857142857155,998.0
1371052800.0,29.83333333333333,68.66666666666667,9.866666666666664,998.6666666666666
1371139200.0,30.142857142857142,68.14285714285714,7.942857142857142,997.4285714285714
1371225600.0,30.714285714285715,65.0,13.22857142857143,997.8571428571428
1371312000.0,27.0,88.85714285714286,8.485714285714286,996.4285714285714
1371398400.0,26.875,87.375,8.3375,994.75
1371484800.0,28.4,83.6,5.18,996.4
1371571200.0,29.857142857142858,72.85714285714286,4.228571428571429,999.0
1371657600.0,33.0,52.71428571428572,4.771428571428571,997.1666666666666
1371744000.0,34.833333333333336,47.333333333333336,5.866666666666667,995.3333333333334
1371830400.0,35.6,39.4,10.74,996.2
1371916800.0,35.166666666666664,53.0,8.350000000000001,995.6666666666666
1372003200.0,33.142857142857146,55.0,13.22857142857143,996.2857142857144
1372089600.0,30.571428571428573,70.42857142857143,11.114285714285716,999.1666666666666
1372176000.0,30.666666666666668,71.5,6.483333333333333,999.0
1372262400.0,31.428571428571427,61.85714285714285,7.957142857142856,996.7142857142856
1372348800.0,31.5,64.25,8.8125,996.0
1372435200.0,33.25,57.0,13.875,995.25
1372521600.0,32.833333333333336,52.16666666666666,10.5,997.1666666666666
1372608000.0,33.857142857142854,54.0,8.728571428571428,996.4285714285714
1372694400.0,33.142857142857146,58.285714285714285,9.8,996.0
1372780800.0,31.571428571428573,70.0,6.357142857142857,997.5714285714286
1372867200.0,32.375,67.5,9.25,997.0
1372953600.0,32.8,62.2,12.96,997.8
1373040000.0,31.0,73.14285714285714,11.37142857142857,1000.5714285714286
1373126400.0,31.166666666666668,77.33333333333333,7.1000000000000005,1000.1666666666666
1373212800.0,29.83333333333333,75.16666666666667,6.483333333333334,997.5
1373299200.0,29.0,78.83333333333333,8.016666666666667,996.8333333333334
1373385600.0,29.75,75.375,6.4875,995.75
1373472000.0,32.5,65.5,7.116666666666667,997.3333333333334
1373558400.0,28.875,86.625,5.562500000000001,1000.0
1373644800.0,31.75,70.25,12.0625,998.875
1373731200.0,30.75,71.625,4.8125,997.375
1373817600.0,31.75,73.25,13.5375,998.375
1373904000.0,29.875,83.875,9.0,999.0
1373990400.0,31.125,78.375,8.65,998.0
1374076800.0,31.75,76.0,5.550000000000001,995.0
1374163200.0,30.5,73.5,9.266666666666666,995.3333333333334
1374249600.0,26.83333333333333,90.66666666666669,4.933333333333333,999.1666666666666
1374336000.0,28.2,88.0,2.24,996.4
1374422400.0,29.5,80.33333333333333,4.333333333333333,996.8333333333334
1374508800.0,31.857142857142858,70.71428571428571,3.971428571428572,998.0
1374595200.0,29.714285714285715,84.14285714285714,3.971428571428571,997.1428571428572
1374681600.0,28.33333333333333,84.5,8.016666666666667,995.1666666666666
1374768000.0,30.0,73.85714285714286,5.571428571428572,995.4285714285714
1374854400.0,30.142857142857142,79.0,4.228571428571429,997.2857142857144
1374940800.0,32.285714285714285,67.42857142857143,6.085714285714286,998.1428571428572
1375027200.0,31.0,77.42857142857143,4.771428571428571,997.1428571428572
1375113600.0,30.5,75.66666666666667,8.016666666666667,996.5
1375200000.0,28.83333333333333,78.5,9.866666666666664,996.6666666666666
1375286400.0,30.0,73.5,5.550000000000001,998.0
1375372800.0,31.571428571428573,66.42857142857143,11.114285714285716,999.4285714285714
1375459200.0,32.5,62.333333333333336,10.816666666666665,1000.8333333333334
1375545600.0,32.5,62.5,5.1,993.25
1375632000.0,29.5,77.0,6.783333333333334,1001.0
1375718400.0,27.166666666666668,90.66666666666669,4.016666666666667,1002.1666666666666
1375804800.0,28.375,85.25,3.25,1001.875
1375891200.0,28.5,84.0,6.166666666666667,1000.5
1375977600.0,27.166666666666668,87.5,3.716666666666667,1001.0
1376064000.0,29.428571428571427,79.85714285714286,6.1000000000000005,1000.3333333333334
1376150400.0,30.0,76.83333333333333,6.800000000000001,1001.1666666666666
1376236800.0,29.5,81.5,8.350000000000001,1001.0
1376323200.0,30.75,72.0,11.125,999.25
1376409600.0,29.666666666666668,74.33333333333333,9.866666666666667,999.8333333333334
1376496000.0,27.714285714285715,85.0,8.2,1001.7142857142856
1376582400.0,26.6,92.0,4.46,1000.8
1376668800.0,27.428571428571427,91.0,14.285714285714286,999.4285714285714
1376755200.0,28.33333333333333,83.83333333333333,1.2333333333333334,1000.1666666666666
1376841600.0,28.166666666666668,84.66666666666667,5.550000000000001,1000.5
1376928000.0,27.375,88.5,5.325,999.0
1377014400.0,28.33333333333333,81.16666666666667,10.314285714285717,999.2857142857144
1377100800.0,29.166666666666668,74.83333333333333,6.483333333333334,1001.1666666666666
1377187200.0,31.285714285714285,73.14285714285714,2.642857142857143,1001.4285714285714
1377273600.0,32.0,71.25,18.525,1000.3333333333334
1377360000.0,29.0,90.75,0.925,998.75
1377446400.0,32.0,69.875,6.475,997.8571428571428
1377532800.0,32.142857142857146,57.285714285714285,17.071428571428573,999.8571428571428
1377619200.0,30.142857142857142,60.71428571428572,11.642857142857142,1003.7142857142856
1377705600.0,31.5,57.0,9.275,1003.25
1377792000.0,29.166666666666668,73.0,3.1,1003.5
1377878400.0,29.0,71.75,4.65,1003.25
1377964800.0,30.0,65.2,11.48,1003.2
1378051200.0,31.857142857142858,50.85714285714285,15.342857142857142,1003.7142857142856
1378137600.0,32.75,45.5,14.8,1001.5
1378224000.0,31.714285714285715,48.0,14.54285714285714,1002.1666666666666
1378310400.0,31.666666666666668,46.0,13.566666666666668,1001.5
1378396800.0,30.571428571428573,55.71428571428572,10.042857142857144,1003.4285714285714
1378483200.0,30.83333333333333,51.833333333333336,6.783333333333334,1004.1666666666666
1378569600.0,28.0,71.75,2.325,1007.25
1378656000.0,31.0,57.5,42.22,1007.0
1378742400.0,29.666666666666668,66.33333333333333,3.7,1005.3333333333334
1378828800.0,30.857142857142858,61.142857142857146,3.971428571428571,1005.5714285714286
1378915200.0,31.166666666666668,60.333333333333336,2.7833333333333337,1008.1666666666666
1379001600.0,31.142857142857142,67.14285714285714,3.171428571428572,1007.1428571428572
1379088000.0,30.5,67.0,2.7833333333333337,1003.8333333333334
1379174400.0,31.625,56.375,3.9375,1001.375
1379260800.0,29.666666666666668,60.0,7.100000000000001,1002.3333333333334
1379347200.0,29.25,56.5,3.475,1002.875
1379433600.0,29.142857142857142,58.57142857142857,5.557142857142858,1003.1428571428572
1379520000.0,29.8,61.6,2.96,1001.8
1379606400.0,28.666666666666668,70.0,9.583333333333334,1003.0
1379692800.0,25.2,89.0,5.18,1003.0
1379779200.0,28.33333333333333,79.66666666666667,3.083333333333333,1001.6666666666666
1379865600.0,30.285714285714285,68.0,4.5,1001.0
1379952000.0,30.75,65.75,5.7875000000000005,1002.75
1380038400.0,28.571428571428573,75.0,6.614285714285715,1005.4285714285714
1380124800.0,28.2,78.8,4.08,1006.6
1380211200.0,29.0,71.25,7.4125,1005.625
1380297600.0,30.0,67.33333333333333,1.2333333333333334,1005.3333333333334
1380384000.0,28.142857142857142,79.85714285714286,5.557142857142858,1003.8571428571428
1380470400.0,26.857142857142858,84.57142857142857,4.228571428571429,1004.7142857142856
1380556800.0,28.285714285714285,68.71428571428571,6.371428571428571,1007.7142857142856
1380643200.0,29.2,61.4,7.42,1010.0
1380729600.0,28.6,59.0,7.4,1008.6
1380816000.0,24.83333333333333,84.33333333333333,6.783333333333334,1007.5
1380902400.0,28.5,69.0,2.0875,1004.125
1380988800.0,29.75,66.5,1.85,1005.25
1381075200.0,29.714285714285715,66.57142857142857,1.585714285714286,1008.8571428571428
1381161600.0,29.2,69.4,0.0,1009.8
1381248000.0,30.83333333333333,65.5,5.566666666666667,1010.3333333333334
1381334400.0,29.428571428571427,66.28571428571429,3.971428571428572,1010.8571428571428
1381420800.0,23.857142857142858,89.85714285714286,4.242857142857143,1010.5714285714286
1381507200.0,26.142857142857142,82.57142857142857,2.914285714285714,1008.2857142857144
1381593600.0,27.166666666666668,84.33333333333333,0.6166666666666667,1007.6666666666666
1381680000.0,27.714285714285715,74.85714285714286,5.557142857142858,1007.0
1381766400.0,25.857142857142858,76.42857142857143,3.7,1009.1428571428572
1381852800.0,26.428571428571427,75.0,0.0,1009.0
1381939200.0,26.857142857142858,76.71428571428571,1.0571428571428572,1010.4285714285714
1382025600.0,26.33333333333333,73.16666666666667,0.0,1010.5
1382112000.0,24.571428571428573,69.57142857142857,2.1142857142857143,1011.5714285714286
1382198400.0,24.33333333333333,67.83333333333333,1.55,1010.6666666666666
1382284800.0,24.875,63.625,1.3875000000000002,1009.875
1382371200.0,27.8,53.6,0.0,1011.0
1382457600.0,25.0,67.5,1.1625,1013.625
1382544000.0,23.857142857142858,73.14285714285714,1.0571428571428572,1013.2857142857144
1382630400.0,22.8,75.8,1.86,1011.0
1382716800.0,23.0,78.2,0.74,1011.2
1382803200.0,22.875,66.875,2.5500000000000003,1010.625
1382889600.0,22.666666666666668,63.16666666666666,4.933333333333334,1010.0
1382976000.0,23.0,62.71428571428572,3.971428571428571,1011.1428571428572
1383062400.0,22.857142857142858,67.42857142857143,2.385714285714286,1012.8571428571428
1383148800.0,23.666666666666668,58.833333333333336,3.083333333333333,1012.8333333333334
1383235200.0,23.428571428571427,69.14285714285714,1.0571428571428572,1013.2857142857144
1383321600.0,21.625,65.0,4.6375,1014.5
1383408000.0,20.625,57.875,5.5625,1016.0
1383494400.0,21.166666666666668,54.16666666666666,2.466666666666667,1017.5
1383580800.0,18.83333333333333,74.33333333333333,0.0,1017.5
1383667200.0,20.571428571428573,66.71428571428571,3.185714285714285,1015.8571428571428
1383753600.0,20.142857142857142,73.14285714285714,4.500000000000001,1015.6666666666666
1383840000.0,18.0,82.2,19.9125,1015.625
1383926400.0,19.857142857142858,73.57142857142857,0.5285714285714286,1016.7142857142856
1384012800.0,16.833333333333332,72.0,2.466666666666667,1016.0
1384099200.0,18.857142857142858,61.85714285714285,5.814285714285715,1013.4285714285714
1384185600.0,16.571428571428573,71.71428571428571,0.7999999999999999,1013.8571428571428
1384272000.0,17.75,65.0,3.0125,1014.25
1384358400.0,17.625,63.375,3.475,1015.25
1384444800.0,17.0,67.0,0.925,1016.5
1384531200.0,16.625,69.625,0.0,1018.0
1384617600.0,15.571428571428571,67.42857142857143,2.3857142857142857,1017.7142857142856
1384704000.0,18.5,55.125,7.412500000000001,1016.875
1384790400.0,17.875,63.5,7.175,1015.5
1384876800.0,18.25,58.875,2.55,1012.75
1384963200.0,17.875,66.25,2.0875,1013.125
1385049600.0,17.625,74.875,1.1625,1015.75
1385136000.0,18.142857142857142,77.85714285714286,0.7999999999999999,1014.5714285714286
1385222400.0,19.125,58.875,5.0875,1014.5
1385308800.0,21.25,49.875,9.5,1012.875
1385395200.0,21.25,51.375,9.75,1011.75
1385481600.0,19.125,68.5,2.7875,1014.75
1385568000.0,18.625,71.875,1.85,1017.75
1385654400.0,17.75,66.625,4.8625,1016.875
1385740800.0,17.875,69.625,11.8125,1015.875
1385827200.0,18.0,65.0,1.585714285714286,1016.1428571428572
1385913600.0,17.25,73.25,1.85,1015.875
1386000000.0,17.5,73.5,1.3875,1016.75
1386086400.0,17.142857142857142,71.85714285714286,4.228571428571429,1017.0
1386172800.0,17.142857142857142,69.0,6.885714285714286,1015.2857142857144
1386259200.0,16.125,72.375,3.7125,1014.0
1386345600.0,16.0,80.5,1.1625,1014.25
1386432000.0,16.5,83.625,0.0,1014.0
1386518400.0,16.125,79.25,2.3125,1013.5
1386604800.0,15.5,81.75,2.55,1013.75
1386691200.0,16.625,71.875,6.475000000000001,1014.125
1386777600.0,17.75,62.375,16.9,1012.5
1386864000.0,17.142857142857142,67.71428571428571,11.62857142857143,1012.0
1386950400.0,16.142857142857142,79.0,0.7999999999999999,1012.5714285714286
1387036800.0,15.5,86.25,2.55,1015.125
1387123200.0,15.25,89.5,1.1625,1015.625
1387209600.0,14.75,92.875,0.925,1014.25
1387296000.0,14.875,93.0,2.0875,1012.625
1387382400.0,16.125,89.125,3.25,1012.875
1387468800.0,15.375,91.375,4.4125000000000005,1016.0
1387555200.0,14.75,94.0,0.4625,1017.0
1387641600.0,15.25,94.0,1.3875000000000002,1018.375
1387728000.0,14.25,88.25,9.025,1020.5
1387814400.0,13.5,84.75,5.7875000000000005,1021.375
1387900800.0,13.666666666666666,63.16666666666666,34.4875,1020.625
1387987200.0,12.125,67.625,4.4,1019.25
1388073600.0,11.875,79.875,1.1625,1018.625
1388160000.0,10.875,70.0,5.325,1019.25
1388246400.0,10.571428571428571,69.42857142857143,5.325,1018.5
1388332800.0,12.375,79.5,6.4750000000000005,1018.125
1388419200.0,14.5,89.375,4.862500000000001,1020.5
1388505600.0,13.375,89.625,7.65,1021.0
1388592000.0,11.0,78.375,8.1,1020.25
1388678400.0,12.5,74.875,5.325,1017.75
1388764800.0,12.875,88.125,1.1625,1016.25
1388851200.0,12.375,89.0,0.4625,1014.5
1388937600.0,11.428571428571429,86.28571428571429,27.3375,1017.625
1389024000.0,12.142857142857142,72.28571428571429,20.6,1017.75
1389110400.0,11.875,76.875,1.85,1017.875
1389196800.0,12.833333333333334,83.0,1.2333333333333334,1017.0
1389283200.0,12.375,85.375,0.0,1016.625
1389369600.0,12.125,82.625,6.7250000000000005,1019.625
1389456000.0,12.875,80.875,3.2500000000000004,1020.75
1389542400.0,14.0,72.375,1.1625,1019.375
1389628800.0,14.875,76.75,2.7875,1017.0
1389715200.0,12.0,93.5,0.4625,1019.75
1389801600.0,12.285714285714286,90.57142857142856,1.585714285714286,1019.5714285714286
1389888000.0,12.0,95.75,1.1625,1017.625
1389974400.0,12.5,94.25,1.85,1020.25
1390060800.0,14.5,84.5,3.475,1023.0
1390147200.0,14.625,83.5,4.4125000000000005,1021.375
1390233600.0,13.571428571428571,96.85714285714286,7.171428571428572,1020.5714285714286
1390320000.0,15.25,96.125,6.7125,1019.875
1390406400.0,15.625,90.125,6.7125,1020.25
1390492800.0,13.875,88.875,8.1125,1019.25
1390579200.0,11.75,95.625,8.3375,1019.75
1390665600.0,14.375,85.75,8.8125,1019.125
1390752000.0,16.625,72.375,9.95,1018.75
1390838400.0,16.625,69.875,7.4125,1016.75
1390924800.0,14.875,81.875,4.625000000000001,1018.625
1391011200.0,14.5,83.25,0.925,1019.375
1391097600.0,14.75,82.5,3.0125,1019.25
1391184000.0,14.0,79.375,2.55,1019.75
1391270400.0,15.25,76.125,1.85,1016.875
1391356800.0,18.428571428571427,63.85714285714285,12.2875,1014.125
1391443200.0,18.857142857142858,65.42857142857143,13.425,1011.0
1391529600.0,17.0,72.75,1.625,1011.5
1391616000.0,18.5,65.375,6.012500000000001,1010.875
1391702400.0,19.625,67.25,15.05,1009.25
1391788800.0,13.625,85.375,8.1125,1011.375
1391875200.0,12.875,63.375,9.2625,1012.0
1391961600.0,12.625,61.75,3.7,1012.5
1392048000.0,13.375,64.625,3.7,1013.5
1392134400.0,13.25,67.0,9.2625,1013.5
1392220800.0,15.25,64.5,4.875,1013.625
1392307200.0,13.0,95.5,5.3375,1011.875
1392393600.0,12.375,89.5,3.9375,1012.875
1392480000.0,13.5,79.0,8.7875,1016.0
1392566400.0,15.125,66.125,12.725,1017.75
1392652800.0,15.25,60.125,8.799999999999999,1017.375
1392739200.0,15.125,75.375,1.85,1016.625
1392825600.0,16.125,78.625,1.8625,1014.75
1392912000.0,17.125,72.25,8.7875,1014.25
1392998400.0,16.625,85.625,6.250000000000001,1017.375
1393084800.0,16.5,80.0,7.887500000000001,1019.375
1393171200.0,16.375,69.375,5.3375,1018.625
1393257600.0,18.125,69.0,0.925,1017.25
1393344000.0,18.75,71.125,2.0875,1014.25
1393430400.0,18.625,76.625,7.175000000000001,1013.125
1393516800.0,15.625,88.375,5.799999999999999,1013.125
1393603200.0,16.142857142857142,87.28571428571429,4.242857142857143,1015.2857142857144
1393689600.0,16.125,79.0,5.7875000000000005,1017.125
1393776000.0,17.875,65.625,3.7,1016.25
1393862400.0,18.75,66.375,3.7125,1016.5
1393948800.0,18.875,67.0,5.325000000000001,1016.125
1394035200.0,18.375,64.0,4.6375,1016.375
1394121600.0,18.5,62.875,6.7125,1017.125
1394208000.0,19.875,63.875,9.9625,1017.0
1394294400.0,22.0,56.625,7.65,1014.5
1394380800.0,20.0,63.875,10.8875,1014.375
1394467200.0,20.714285714285715,70.0,15.6,1013.7142857142856
1394553600.0,20.0,68.875,6.4875,1016.25
1394640000.0,19.0,60.625,9.95,1016.25
1394726400.0,19.625,61.25,5.800000000000001,1015.0
1394812800.0,21.625,62.625,2.7875,1016.375
1394899200.0,23.125,58.5,6.25,1015.375
1394985600.0,26.25,52.125,6.7125,1011.25
1395072000.0,24.857142857142858,53.42857142857143,9.8,1012.8571428571428
1395158400.0,21.75,57.375,10.1875,1013.25
1395244800.0,21.5,55.0,7.4,1010.75
1395331200.0,22.5,64.75,5.3375,1007.125
1395417600.0,25.0,59.5,3.0125,1007.0
1395504000.0,22.75,61.875,9.025,1010.625
1395590400.0,22.375,73.125,9.4875,1011.625
1395676800.0,24.625,60.25,2.775,1010.5
1395763200.0,25.125,58.875,2.7750000000000004,1010.625
1395849600.0,23.5,63.25,4.8875,1011.75
1395936000.0,24.428571428571427,67.57142857142857,4.5,1011.1428571428572
1396022400.0,25.875,55.625,8.35,1011.25
1396108800.0,24.125,46.75,13.9,1009.875
1396195200.0,24.125,44.125,13.2,1008.25
1396281600.0,24.875,45.75,9.7125,1006.125
1396368000.0,26.75,43.375,7.175,1005.75
1396454400.0,25.0,48.0,10.425,1010.375
1396540800.0,25.857142857142858,47.85714285714285,11.914285714285716,1009.8571428571428
1396627200.0,27.375,44.0,9.2625,1008.875
1396713600.0,30.125,45.25,6.7125,1007.5
1396800000.0,27.25,47.625,12.9625,1009.625
1396886400.0,25.75,41.875,12.725,1010.375
1396972800.0,25.75,35.25,12.7375,1010.25
1397059200.0,26.375,29.25,12.500000000000002,1010.875
1397145600.0,28.142857142857142,29.0,10.05714285714286,1008.5714285714286
1397232000.0,29.125,39.875,5.1000000000000005,1007.125
1397318400.0,26.875,40.375,15.5125,1009.625
1397404800.0,27.625,46.625,5.3500000000000005,1010.625
1397491200.0,29.0,48.125,2.55,1009.125
1397577600.0,27.125,53.625,4.4,1008.25
1397664000.0,26.375,49.625,9.25,1007.0
1397750400.0,24.25,64.375,14.3375,1011.625
1397836800.0,25.625,57.875,5.1,1011.375
1397923200.0,27.0,48.0,4.6375,1010.5
1398009600.0,28.0,33.125,8.8125,1010.0
1398096000.0,29.375,29.375,12.5,1011.75
1398182400.0,29.125,37.0,6.025,1009.0
1398268800.0,29.375,35.875,7.875,1005.875
1398355200.0,30.625,34.375,8.1125,1006.125
1398441600.0,31.5,32.0,8.1125,1006.375
1398528000.0,30.625,30.0,8.350000000000001,1007.125
1398614400.0,31.5,27.875,10.1875,1005.625
1398700800.0,32.125,28.875,8.325,1003.875
1398787200.0,33.25,25.5,5.3375,1003.75
1398873600.0,34.875,22.5,9.7375,1001.5
1398960000.0,34.375,24.75,6.4875,1001.875
1399046400.0,31.75,33.375,6.475,1003.625
1399132800.0,31.875,34.375,5.8,1003.0
1399219200.0,29.75,53.25,9.0375,1005.75
1399305600.0,29.571428571428573,51.142857142857146,6.885714285714287,1006.8571428571428
1399392000.0,31.75,48.625,1.85,1004.25
1399478400.0,31.375,43.0,10.6625,1002.625
1399564800.0,30.5,39.625,6.487500000000001,1000.4285714285714
1399651200.0,30.0,37.625,7.8875,1000.75
1399737600.0,29.625,40.375,7.65,1004.0
1399824000.0,28.0,53.375,10.8875,1004.875
1399910400.0,25.25,65.75,9.9625,1008.375
1399996800.0,26.875,55.25,8.575000000000001,1006.5
1400083200.0,29.5,39.875,11.125,1004.25
1400169600.0,31.125,40.25,9.4875,1003.5
1400256000.0,29.875,47.625,7.175000000000001,1007.0
1400342400.0,31.5,35.375,13.9,1007.375
1400428800.0,32.375,29.5,11.575000000000005,1006.625
1400515200.0,31.125,34.0,7.6375,1006.625
1400601600.0,33.0,32.5,9.7125,1002.125
1400688000.0,33.25,33.375,11.1125,999.5
1400774400.0,34.625,32.75,19.450000000000003,1000.0
1400860800.0,31.5,50.5,6.725,1004.125
1400947200.0,31.5,43.25,16.4375,1005.5
1401033600.0,30.125,54.125,4.175,1007.125
1401120000.0,31.875,49.75,2.55,1004.75
1401206400.0,33.625,44.5,3.95,1001.25
1401292800.0,35.25,40.125,4.4,999.375
1401379200.0,33.125,44.5,11.5875,999.5714285714286
1401465600.0,34.625,39.0,6.4875,999.625
1401552000.0,32.75,34.25,16.2,1003.25
1401638400.0,32.75,41.375,4.6375,1003.25
1401724800.0,34.875,33.625,6.487500000000001,1000.0
1401811200.0,35.25,33.125,7.1875,998.125
1401897600.0,36.875,26.875,8.5625,996.125
1401984000.0,37.5,27.625,10.2,994.875
1402070400.0,38.5,22.75,13.1875,994.0
1402156800.0,37.625,26.25,6.7250000000000005,993.125
1402243200.0,37.875,32.125,6.025,993.125
1402329600.0,37.25,20.875,12.0375,994.75
1402416000.0,37.625,23.125,14.8125,995.625
1402502400.0,32.875,39.25,24.325,997.0
1402588800.0,30.25,55.125,16.6625,997.625
1402675200.0,30.5,66.875,6.487500000000001,997.375
1402761600.0,33.875,52.0,8.1,997.125
1402848000.0,36.375,41.375,10.8875,995.625
1402934400.0,36.875,42.125,15.9625,994.125
1403020800.0,33.875,58.0,10.425,994.25
1403107200.0,35.75,47.875,10.8875,993.25
1403193600.0,38.0,36.125,17.825,991.375
1403280000.0,36.875,40.125,9.7375,993.875
1403366400.0,34.5,46.75,4.4,996.375
1403452800.0,32.125,49.75,6.7125,996.25
1403539200.0,33.0,46.25,10.1875,995.5
1403625600.0,32.25,53.25,13.2,997.625
1403712000.0,32.5,60.375,3.2375,1001.0
1403798400.0,34.75,48.5,9.4875,1001.625
1403884800.0,34.875,49.0,5.7875,999.375
1403971200.0,33.0,57.75,9.7125,997.75
1404057600.0,32.0,67.75,3.25,997.5
1404144000.0,31.375,65.125,6.25,1000.875
1404230400.0,29.5,71.375,5.787500000000001,1001.125
1404316800.0,28.875,75.125,5.0875,998.2857142857144
1404403200.0,31.38888888888889,69.0,4.333333333333333,998.7777777777778
1404489600.0,34.705882352941174,52.05882352941177,9.202941176470588,1000.7058823529412
1404576000.0,30.625,61.125,3.7125,1000.5
1404662400.0,34.0,48.75,5.5625,998.25
1404748800.0,35.0,39.5,9.725,996.875
1404835200.0,36.0,37.125,13.65,996.5
1404921600.0,36.125,38.75,11.3375,996.875
1405008000.0,36.625,38.625,8.7875,996.125
1405094400.0,35.875,51.375,5.3375,996.0
1405180800.0,31.625,69.75,6.025,998.0
1405267200.0,32.375,67.875,6.725,997.125
1405353600.0,33.125,62.625,8.825000000000001,996.0
1405440000.0,32.625,63.0,10.45,997.25
1405526400.0,30.75,74.25,6.7250000000000005,996.125
1405612800.0,27.25,83.875,2.55,994.875
1405699200.0,29.875,71.0,6.25,995.125
1405785600.0,30.875,68.875,6.262499999999999,996.75
1405872000.0,32.125,65.5,4.65,996.0
1405958400.0,31.625,69.75,7.175,997.0
1406044800.0,30.625,72.875,8.1125,997.75
1406131200.0,30.5,63.625,12.0375,998.7142857142856
1406217600.0,30.75,63.25,9.9625,1000.75
1406304000.0,32.5,61.5,7.175,1001.875
1406390400.0,31.714285714285715,65.42857142857143,6.25,1001.875
1406476800.0,30.0,75.75,18.05,999.375
1406563200.0,30.25,69.875,5.7875000000000005,999.25
1406649600.0,31.875,65.75,4.175000000000001,999.5714285714286
1406736000.0,32.5,65.75,7.425,999.625
1406822400.0,33.25,59.5,6.500000000000001,998.0
1406908800.0,30.125,77.75,0.925,997.125
1406995200.0,31.5,66.25,5.7875000000000005,995.375
1407081600.0,30.5,69.75,5.1000000000000005,996.125
1407168000.0,29.75,77.5,1.85,997.5
1407254400.0,32.125,65.0,5.5625,996.875
1407340800.0,31.125,65.375,6.949999999999999,997.0
1407427200.0,31.0,67.875,6.012500000000001,998.375
1407513600.0,29.235294117647054,80.47058823529412,6.652941176470588,1001.6470588235294
1407600000.0,28.5,89.90625,5.2250000000000005,1002.15625
1407686400.0,31.125,72.125,3.0125,999.875
1407772800.0,32.125,57.5,8.3375,998.75
1407859200.0,32.125,57.71428571428572,20.825,998.25
1407945600.0,30.375,57.5,18.5125,997.375
1408032000.0,31.125,54.875,14.5875,998.875
1408118400.0,30.428571428571427,59.85714285714285,8.35,1002.5
1408204800.0,31.375,53.875,7.1875,1003.25
1408291200.0,31.875,56.625,5.5625,1005.375
1408377600.0,33.0,52.42857142857143,6.885714285714286,1004.8571428571428
1408464000.0,33.25,47.125,8.7875,1002.375
1408550400.0,32.5,43.0,10.8875,1001.25
1408636800.0,33.0,47.125,8.5625,1002.8571428571428
1408723200.0,33.125,45.75,9.2625,1003.25
1408809600.0,33.125,46.25,11.35,1002.875
1408896000.0,33.875,46.625,7.874999999999999,1002.375
1408982400.0,34.125,40.25,9.9625,1001.375
1409068800.0,33.857142857142854,44.71428571428572,8.112499999999999,1001.125
1409155200.0,29.625,67.75,6.7250000000000005,1003.75
1409241600.0,30.375,69.25,3.7,1003.5
1409328000.0,28.625,78.125,4.1625,1002.625
1409414400.0,27.625,86.125,4.4125,1001.25
1409500800.0,29.428571428571427,65.85714285714286,15.5125,1001.125
1409587200.0,29.25,71.0,10.425,1001.875
1409673600.0,28.625,77.875,15.0375,1001.4285714285714
1409760000.0,27.875,80.75,9.275,1000.375
1409846400.0,26.5,85.75,8.337499999999999,1000.1428571428572
1409932800.0,28.5,76.875,2.0875,1002.375
1410019200.0,31.0,67.625,1.4,1003.25
1410105600.0,31.25,66.375,3.475,1003.125
1410192000.0,31.0,70.125,1.85,1002.375
1410278400.0,28.75,77.5,4.875,1003.25
1410364800.0,26.571428571428573,85.71428571428571,17.825,1005.5714285714286
1410451200.0,28.5,73.0,1.625,1005.125
1410537600.0,29.375,68.25,4.1625,1004.0
1410624000.0,29.125,65.5,6.712500000000001,1004.25
1410710400.0,29.625,63.125,6.7125,1004.25
1410796800.0,30.625,65.125,6.25,1002.25
1410883200.0,30.625,61.875,7.4,1002.125
1410969600.0,30.5,62.375,6.7125,1003.875
1411056000.0,31.0,56.625,4.175000000000001,1003.5
1411142400.0,31.125,55.75,4.4,1002.875
1411228800.0,30.5,54.875,5.5625,1003.625
1411315200.0,30.625,50.0,13.437499999999998,1004.5
1411401600.0,31.0,47.0,30.685714285714283,1004.2857142857144
1411488000.0,29.625,53.0,8.1,1006.25
1411574400.0,30.0,52.5,9.725,1007.75
1411660800.0,30.0,52.5,5.7875,1008.125
1411747200.0,30.5,46.875,8.799999999999999,1009.25
1411833600.0,30.25,48.875,7.175,1009.625
1411920000.0,30.5,48.75,7.4125,1009.125
1412006400.0,30.625,50.125,6.712500000000001,1009.625
1412092800.0,30.428571428571427,52.85714285714285,3.1714285714285717,1010.4285714285714
1412179200.0,30.375,53.375,2.7875,1009.125
1412265600.0,30.5,52.625,1.85,1008.0
1412352000.0,31.0,53.5,0.0,1008.5
1412438400.0,30.625,56.125,0.0,1010.375
1412524800.0,30.625,56.75,0.0,1010.125
1412611200.0,31.0,59.375,1.1625,1008.375
1412697600.0,28.75,52.75,3.7125,1009.875
1412784000.0,27.625,49.875,3.2375,1010.125
1412870400.0,27.125,57.375,3.2375000000000003,1008.75
1412956800.0,25.714285714285715,57.142857142857146,6.9375,1008.25
1413043200.0,26.0,58.625,0.4625,1008.375
1413129600.0,27.625,59.75,8.799999999999999,1009.875
1413216000.0,24.5,67.625,5.325000000000001,1010.875
1413302400.0,24.5,68.0,3.2625,1013.375
1413388800.0,23.0,58.875,4.862500000000001,1014.0
1413475200.0,25.0,47.66666666666666,25.0125,1013.625
1413561600.0,24.0,56.142857142857146,21.3,1012.875
1413648000.0,23.75,57.75,4.1625,1012.625
1413734400.0,24.75,55.625,4.4,1013.125
1413820800.0,25.625,56.125,2.0875,1014.625
1413907200.0,25.75,64.875,0.4625,1014.5
1413993600.0,25.25,66.0,0.925,1012.75
1414080000.0,25.5,67.5,1.85,1011.75
1414166400.0,25.25,67.125,0.925,1012.375
1414252800.0,25.125,65.5,2.0875000000000004,1014.875
1414339200.0,24.875,62.875,1.8625,1013.75
1414425600.0,25.125,64.75,2.5625,1012.0
1414512000.0,24.75,65.75,1.625,1012.125
1414598400.0,23.875,61.375,1.85,1014.5
1414684800.0,23.375,58.25,3.7125,1013.625
1414771200.0,22.5,50.875,5.325000000000001,1014.125
1414857600.0,22.875,49.125,7.1875,1014.5
1414944000.0,23.375,52.75,4.1625,1013.5
1415030400.0,23.625,56.625,3.9375,1012.125
1415116800.0,22.75,56.25,4.625,1012.375
1415203200.0,23.0,56.25,6.25,1011.625
1415289600.0,24.0,66.125,2.3125,1012.875
1415376000.0,23.875,66.25,1.625,1014.625
1415462400.0,24.125,56.375,4.1625,1015.125
1415548800.0,21.375,52.125,3.4750000000000005,1014.0
1415635200.0,19.25,55.125,2.325,1014.75
1415721600.0,19.625,52.0,2.3125,1015.875
1415808000.0,18.5,50.5,3.2375,1016.5
1415894400.0,18.375,43.0,7.4125,1016.375
1415980800.0,18.625,44.75,2.775,1014.875
1416067200.0,18.25,47.625,2.55,1015.375
1416153600.0,17.75,51.75,2.7750000000000004,1016.125
1416240000.0,17.625,53.0,2.0875,1017.875
1416326400.0,17.5,58.125,1.1625,1016.5
1416412800.0,20.375,54.625,3.0250000000000004,1013.375
1416499200.0,18.25,62.125,3.2375,1012.75
1416585600.0,19.875,58.875,1.625,1011.375
1416672000.0,17.125,57.375,1.3875,1014.625
1416758400.0,16.875,52.25,4.175000000000001,1016.0
1416844800.0,16.5,51.5,2.55,1014.875
1416931200.0,19.625,51.0,5.550000000000001,1009.875
1417017600.0,18.125,63.875,0.0,1011.75
1417104000.0,19.375,67.375,0.0,1012.5
1417190400.0,20.25,67.625,0.0,1012.375
1417276800.0,19.75,54.75,2.55,1014.0
1417363200.0,20.0,42.625,8.799999999999999,1013.75
1417449600.0,21.375,47.625,7.875000000000001,1012.75
1417536000.0,25.0,66.57142857142857,11.37142857142857,1007.0
1417622400.0,21.25,68.875,4.862500000000001,1010.375
1417708800.0,17.75,59.875,2.55,1017.125
1417795200.0,18.25,48.875,4.8625,1016.375
1417881600.0,17.25,48.375,4.862500000000001,1014.75
1417968000.0,17.0,49.875,2.775,1015.0
1418054400.0,15.285714285714286,67.57142857142857,0.0,1016.8571428571428
1418140800.0,21.5,65.5,4.8625,1010.5
1418227200.0,19.625,70.5,3.25,1011.625
1418313600.0,17.5,65.625,0.4625,1014.375
1418400000.0,16.0,71.875,8.8,1016.125
1418486400.0,16.875,86.625,3.95,1014.5
1418572800.0,16.625,75.75,2.325,1016.125
1418659200.0,17.75,72.375,7.425000000000001,1017.375
1418745600.0,12.875,72.125,6.4875,1020.25
1418832000.0,11.75,79.75,3.0125,1021.375
1418918400.0,11.75,81.75,0.4625,1022.125
1419004800.0,11.25,77.0,5.800000000000001,1018.75
1419091200.0,9.5,79.125,0.925,1018.0
1419177600.0,9.375,85.0,1.3875000000000002,1017.125
1419264000.0,9.625,78.625,1.625,1017.875
1419350400.0,9.875,83.0,3.4750000000000005,1021.25
1419436800.0,9.25,81.125,8.100000000000001,1020.125
1419523200.0,10.75,77.0,7.6375,1017.75
1419609600.0,10.375,69.0,2.775,1018.625
1419696000.0,9.0,86.0,0.7,1019.75
1419782400.0,11.125,72.625,1.3875,1017.25
1419868800.0,11.625,70.625,2.55,1014.625
1419955200.0,12.375,67.125,2.7875,1016.875
1420041600.0,14.75,72.0,0.925,1017.5
1420128000.0,14.875,96.625,3.0125,1017.875
1420214400.0,15.125,92.0,0.925,1017.375
1420300800.0,14.125,78.75,9.5125,1019.625
1420387200.0,14.0,69.375,15.05,1016.0
1420473600.0,12.0,79.875,4.4,1015.5
1420560000.0,9.625,86.0,3.9375,1016.625
1420646400.0,10.0,87.875,3.4875,1019.125
1420732800.0,10.625,80.625,1.625,1020.125
1420819200.0,11.125,73.125,4.4125000000000005,1018.875
1420905600.0,11.0,80.75,4.8625,1019.125
1420992000.0,10.625,79.5,0.925,1019.5
1421078400.0,12.25,77.875,4.875,1017.125
1421164800.0,12.0,82.25,5.1000000000000005,1017.5
1421251200.0,12.375,79.125,0.925,1019.375
1421337600.0,13.0,78.125,4.6375,1019.25
1421424000.0,13.5,76.625,1.8625,1019.25
1421510400.0,13.0,73.875,2.5500000000000003,1018.75
1421596800.0,13.75,78.0,1.85,1018.875
1421683200.0,13.375,74.375,7.1875,1020.0
1421769600.0,13.25,73.375,3.7,1021.0
1421856000.0,12.625,94.125,3.2375,1020.625
1421942400.0,14.625,85.0,1.1625,1020.0
1422028800.0,12.375,86.25,9.7375,1020.75
1422115200.0,13.25,77.75,4.1625,1020.375
1422201600.0,13.75,88.125,0.925,1019.875
1422288000.0,13.25,74.25,5.3375,1019.3333333333334
1422374400.0,11.714285714285714,67.0,27.775,1018.25
1422460800.0,11.5,67.5,3.9375,1019.75
1422547200.0,12.75,56.125,12.0375,1020.375
1422633600.0,13.75,57.625,9.025,1017.875
1422720000.0,15.0,65.25,5.1000000000000005,1017.75
1422806400.0,17.375,63.875,11.8125,1017.5
1422892800.0,16.75,71.25,7.175000000000002,1020.5
1422979200.0,14.625,81.125,9.25,1022.0
1423065600.0,14.625,62.875,7.399999999999999,1019.25
1423152000.0,15.125,62.625,3.0125,1019.0
1423238400.0,15.875,67.625,1.85,1017.0
1423324800.0,16.625,63.875,4.4125000000000005,1017.375
1423411200.0,16.875,63.5,5.55,1019.75
1423497600.0,15.75,64.0,4.625,1019.75
1423584000.0,16.0,66.625,1.85,1017.125
1423670400.0,15.5,69.625,6.025,1016.125
1423756800.0,17.25,59.0,6.725,1012.625
1423843200.0,19.375,63.125,4.1625,1009.625
1423929600.0,18.875,70.125,1.3875000000000002,1012.625
1424016000.0,20.625,71.25,10.425,1013.625
1424102400.0,21.142857142857142,72.57142857142857,5.028571428571429,1011.8571428571428
1424188800.0,21.25,72.875,5.1000000000000005,1011.75
1424275200.0,22.75,73.5,7.65,1012.0
1424361600.0,22.75,67.125,7.187500000000001,1013.875
1424448000.0,21.875,63.5,11.3375,1014.125
1424534400.0,22.142857142857142,58.85714285714285,14.812499999999998,1013.375
1424620800.0,21.5,74.375,3.0250000000000004,1014.25
1424707200.0,22.875,72.375,6.0375,1010.625
1424793600.0,23.125,58.625,6.5,1008.5
1424880000.0,20.0,34.375,6.7125,1009.875
1424966400.0,19.25,43.125,5.800000000000001,1013.0
1425052800.0,21.25,45.5,6.950000000000001,1013.0
1425139200.0,17.375,92.75,14.8125,1011.125
1425225600.0,17.5,89.875,6.725,1012.5
1425312000.0,16.25,82.5,5.5625,1013.75
1425398400.0,16.75,69.25,6.7125,1014.0
1425484800.0,18.75,64.0,3.7,1015.75
1425571200.0,20.0,62.375,5.0875,1016.375
1425657600.0,18.375,80.375,4.175,1013.7142857142856
1425744000.0,19.5,74.125,7.8875,1015.375
1425830400.0,18.125,54.25,12.2625,1021.0
1425916800.0,17.75,68.5,8.5625,1019.125
1426003200.0,18.25,69.875,6.025,1018.125
1426089600.0,20.5,63.375,5.325000000000001,1017.0
1426176000.0,21.375,65.25,4.175000000000001,1014.75
1426262400.0,21.5,64.625,7.875,1015.125
1426348800.0,17.625,89.125,11.575,1015.5
1426435200.0,19.857142857142858,81.85714285714286,8.5625,1017.375
1426521600.0,20.875,70.375,13.2,1015.875
1426608000.0,20.25,69.625,12.2625,1013.5
1426694400.0,21.125,66.0,5.3375,1014.875
1426780800.0,22.5,65.75,9.025,1014.875
1426867200.0,24.875,60.5,5.7875,1014.875
1426953600.0,25.125,64.0,10.2,1012.0
1427040000.0,24.75,65.75,7.637499999999999,1010.0
1427126400.0,25.75,65.5,1.3875000000000002,1010.25
1427212800.0,26.625,65.625,2.55,1011.8571428571428
1427299200.0,28.5,54.375,9.2625,1013.0
1427385600.0,27.375,51.375,7.65,1012.0
1427472000.0,27.0,53.625,3.7125,1009.625
1427558400.0,25.0,52.75,13.1875,1008.625
1427644800.0,23.5,66.25,14.8125,1010.375
1427731200.0,25.25,64.875,3.7,1010.1428571428572
1427817600.0,26.428571428571427,59.71428571428572,6.7125,1007.5
1427904000.0,28.714285714285715,45.285714285714285,10.175,1004.625
1427990400.0,24.5,71.125,6.9625,1004.75
1428076800.0,21.0,77.5,1.3875000000000002,1005.25
1428163200.0,23.571428571428573,67.71428571428571,17.6,1007.75
1428249600.0,25.0,60.125,2.775,1007.75
1428336000.0,23.75,62.125,9.7375,1010.25
1428422400.0,25.625,50.375,6.712500000000001,1012.0
1428508800.0,26.0,52.875,9.0375,1010.5
1428595200.0,27.125,52.25,6.25,1008.5
1428681600.0,28.25,44.875,8.1,1008.375
1428768000.0,24.375,63.0,5.325,1012.375
1428854400.0,24.75,70.875,6.950000000000001,1013.75
1428940800.0,26.25,62.75,3.0125,1012.75
1429027200.0,27.625,59.25,5.7875000000000005,1012.875
1429113600.0,25.25,58.25,8.1125,1013.875
1429200000.0,28.125,48.75,8.3375,1007.125
1429286400.0,30.125,44.5,5.562500000000001,1002.375
1429372800.0,32.125,41.0,4.175,1003.875
1429459200.0,32.875,37.875,7.1875,1005.75
1429545600.0,31.75,28.5,11.1125,1005.625
1429632000.0,30.75,30.25,11.349999999999998,1003.125
1429718400.0,30.75,33.0,8.1,1004.0
1429804800.0,31.125,39.5,2.5500000000000003,1004.375
1429891200.0,30.5,43.125,12.975,1005.875
1429977600.0,28.75,51.125,15.7375,1008.0
1430064000.0,30.125,53.0,17.5875,1006.75
1430150400.0,31.0,48.25,12.5125,1004.5
1430236800.0,31.25,47.25,9.025,1005.0
1430323200.0,32.625,44.75,15.05,1004.0
1430409600.0,31.25,43.5,5.3375,1005.875
1430496000.0,30.125,40.25,4.4,1006.25
1430582400.0,31.0,39.25,3.0125,1006.625
1430668800.0,30.875,39.25,3.9375,1006.625
1430755200.0,32.125,31.125,7.649999999999999,1003.875
1430841600.0,34.125,22.0,11.3625,1001.875
1430928000.0,35.42857142857143,13.428571428571429,15.342857142857143,1003.5714285714286
1431014400.0,34.125,22.375,12.275,1003.25
1431100800.0,35.125,27.0,8.3375,1001.625
1431187200.0,35.125,25.0,6.9625,1001.375
1431273600.0,34.0,32.625,10.8875,1003.625
1431360000.0,33.125,46.0,6.0375000000000005,1004.875
1431446400.0,27.75,61.0,6.7125,1006.125
1431532800.0,29.625,49.625,4.4125,1007.25
1431619200.0,28.5,52.125,7.175000000000001,1006.5
1431705600.0,30.0,51.625,4.1625,1003.25
1431792000.0,33.25,40.375,8.35,1001.125
1431878400.0,35.375,35.75,5.562500000000001,1000.0
1431964800.0,31.5,44.0,14.812500000000002,1002.125
1432051200.0,33.125,31.625,14.6,1002.0
1432137600.0,35.625,24.625,11.3375,1000.375
1432224000.0,36.25,19.5,12.5125,998.125
1432310400.0,37.375,21.75,12.725,996.125
1432396800.0,36.0,29.25,5.1000000000000005,997.375
1432483200.0,37.75,22.25,10.875,996.875
1432569600.0,35.25,26.625,17.125,1001.5
1432656000.0,33.75,20.5,6.7125,1001.25
1432742400.0,34.75,29.5,8.3375,1000.625
1432828800.0,35.125,27.25,8.125,1001.625
1432915200.0,32.25,38.75,12.2625,1003.875
1433001600.0,34.25,25.0,14.5875,1001.75
1433088000.0,29.375,41.75,12.5125,1003.25
1433174400.0,31.625,39.25,8.575,1003.5
1433260800.0,28.625,50.5,6.7250000000000005,1004.625
1433347200.0,31.875,48.375,4.8625,1004.0
1433433600.0,32.625,39.875,6.0125,1003.5
1433520000.0,33.375,39.75,7.862500000000001,1001.375
1433606400.0,35.0,36.25,7.175000000000001,999.25
1433692800.0,36.5,33.0,6.25,998.875
1433779200.0,37.625,23.875,18.75,998.875
1433865600.0,36.625,32.285714285714285,18.05,999.625
1433952000.0,35.625,34.75,18.2875,1000.0
1434038400.0,35.875,34.625,12.7375,998.5
1434124800.0,31.125,48.125,10.1875,998.8571428571428
1434211200.0,27.0,77.625,3.95,1000.2857142857144
1434297600.0,31.0,60.75,3.0125,999.5714285714286
1434384000.0,32.375,52.125,2.7875,999.1428571428572
1434470400.0,33.875,49.75,3.25,998.0
1434556800.0,35.125,45.125,3.0125,997.625
1434643200.0,35.875,46.75,8.575,996.25
1434729600.0,33.125,48.5,12.975,997.875
1434816000.0,30.375,63.625,8.1125,998.125
1434902400.0,32.125,59.5,4.4,995.625
1434988800.0,31.5,61.625,6.012500000000001,995.0
1435075200.0,37.25,63.875,6.5,995.375
1435161600.0,26.625,82.75,6.2625,994.75
1435248000.0,31.125,54.25,11.5625,995.25
1435334400.0,32.625,48.25,14.1125,997.125
1435420800.0,34.25,47.5,9.0375,1000.2857142857144
1435507200.0,31.125,56.625,11.562500000000002,1003.625
1435593600.0,30.875,58.625,9.9625,1002.625
1435680000.0,32.0,53.25,4.175000000000001,1001.875
1435766400.0,33.75,45.875,6.949999999999999,1001.125
1435852800.0,33.0,49.0,14.35,999.625
1435939200.0,34.125,51.5,16.900000000000002,997.5
1436025600.0,35.714285714285715,47.285714285714285,14.014285714285714,995.4285714285714
1436112000.0,27.875,83.25,9.275,997.875
1436198400.0,28.125,86.125,1.85,998.125
1436284800.0,31.25,72.0,2.7750000000000004,998.625
1436371200.0,29.625,77.25,2.55,998.625
1436457600.0,26.625,92.125,6.025,998.75
1436544000.0,25.5,98.0,3.2375000000000003,999.3333333333334
1436630400.0,25.5,94.75,7.425000000000001,998.625
1436716800.0,29.875,73.125,4.8625,1000.625
1436803200.0,30.875,67.875,10.875,997.8571428571428
1436889600.0,33.375,52.875,17.137500000000003,993.75
1436976000.0,31.75,61.375,13.437499999999998,994.75
1437062400.0,30.75,75.625,4.4,997.25
1437148800.0,29.5,78.875,4.175,998.0
1437235200.0,30.125,70.0,0.7,997.625
1437321600.0,29.125,78.0,4.8625,999.125
1437408000.0,31.375,69.25,8.125,1000.0
1437494400.0,32.25,64.125,7.875000000000002,1001.125
1437580800.0,32.125,64.875,8.575000000000001,1001.75
1437667200.0,32.0,64.75,6.7125,1001.0
1437753600.0,30.857142857142858,71.0,19.9125,998.5714285714286
1437840000.0,30.0,71.625,16.8875,998.875
1437926400.0,29.625,69.0,11.3375,1000.2857142857144
1438012800.0,29.5,61.0,11.5875,1000.125
1438099200.0,28.5,68.125,10.875,998.0
1438185600.0,29.0,67.75,9.9625,998.875
1438272000.0,29.0,71.0,4.175000000000001,999.75
1438358400.0,28.25,71.75,0.925,1002.75
1438444800.0,29.625,69.5,2.55,1003.625
1438531200.0,31.5,58.625,5.325,1001.875
1438617600.0,29.428571428571427,77.78571428571429,4.771428571428572,1000.0714285714286
1438704000.0,29.59375,79.65625,8.221875,1000.28125
1438790400.0,29.5,79.125,3.0250000000000004,998.0
1438876800.0,29.25,83.0,2.3125,1000.0
1438963200.0,28.875,84.875,1.625,1002.0
1439049600.0,27.375,90.125,3.0125,1000.25
1439136000.0,30.375,77.0,0.0,1000.0
1439222400.0,28.375,86.625,0.4625,1003.0
1439308800.0,30.75,74.25,0.0,1003.125
1439395200.0,32.0,69.5,0.4625,1001.875
1439481600.0,30.875,72.625,3.475,1002.0
1439568000.0,28.5,85.5,0.0,1002.75
1439654400.0,28.625,82.625,1.85,1002.875
1439740800.0,30.75,72.625,0.7,1001.375
1439827200.0,29.125,72.875,4.875,1002.5714285714286
1439913600.0,31.25,61.25,33.325,1002.375
1440000000.0,30.75,58.625,14.6,1001.375
1440086400.0,29.375,72.0,8.575,1002.0
1440172800.0,30.25,65.375,5.800000000000001,1000.875
1440259200.0,29.875,69.375,5.5625,1000.8571428571428
1440345600.0,30.75,65.625,7.1875,1001.75
1440432000.0,32.0,57.285714285714285,10.071428571428571,1001.0
1440518400.0,32.0,61.0,4.862500000000001,1001.125
1440604800.0,32.5,61.0,5.325000000000001,1002.0
1440691200.0,32.0,63.5,2.3125,1002.25
1440777600.0,32.25,58.0,5.812500000000001,1001.375
1440864000.0,32.625,56.5,9.275,1001.375
1440950400.0,31.857142857142858,54.42857142857143,13.485714285714286,1001.8333333333334
1441036800.0,32.125,47.625,15.275,1000.8571428571428
1441123200.0,31.875,45.625,12.7375,1001.75
1441209600.0,31.625,49.125,10.1875,1005.5
1441296000.0,32.0,42.625,11.35,1007.875
1441382400.0,30.875,47.25,7.637499999999999,1007.125
1441468800.0,31.25,41.8,7.6375,1006.25
1441555200.0,31.5,46.375,9.4875,1005.75
1441641600.0,31.625,47.0,11.8125,1005.5
1441728000.0,31.0,47.875,10.1875,1005.625
1441814400.0,31.25,46.5,8.575000000000001,1006.75
1441900800.0,30.75,49.75,6.012499999999999,1006.25
1441987200.0,32.142857142857146,54.42857142857143,3.171428571428572,1006.0
1442073600.0,32.125,55.25,1.3875000000000002,1005.875
1442160000.0,31.875,54.375,2.55,1003.625
1442246400.0,33.0,55.0,0.4625,1003.25
1442332800.0,32.375,55.0,1.4,1003.625
1442419200.0,31.375,58.375,1.1625,1004.375
1442505600.0,31.0,67.625,7.4125,1005.125
1442592000.0,30.625,74.25,2.0875000000000004,1003.625
1442678400.0,29.142857142857142,69.14285714285714,5.557142857142858,1002.8571428571428
1442764800.0,30.125,64.5,5.800000000000002,1002.5
1442851200.0,30.25,64.375,10.187499999999998,1002.5
1442937600.0,28.625,61.25,13.675,1006.375
1443024000.0,28.25,52.375,11.575,1004.625
1443110400.0,28.5,49.375,8.575,1003.75
1443196800.0,29.25,53.5,6.25,1005.25
1443283200.0,28.714285714285715,58.142857142857146,2.9142857142857146,1007.0
1443369600.0,28.25,58.5,3.9375,1009.0
1443456000.0,29.0,54.57142857142857,9.528571428571428,1010.5714285714286
1443542400.0,29.0,46.875,8.3375,1011.375
1443628800.0,28.125,51.25,5.574999999999999,1012.0
1443715200.0,28.285714285714285,53.71428571428572,14.5875,1010.75
1443801600.0,30.0,52.333333333333336,18.785714285714285,1008.7142857142856
1443888000.0,29.0,54.375,3.0250000000000004,1008.125
1443974400.0,28.875,59.375,1.3875000000000002,1009.25
1444060800.0,28.375,61.125,4.6375,1009.0
1444147200.0,28.625,65.75,6.4750000000000005,1009.125
1444233600.0,28.375,65.125,4.4125000000000005,1007.5
1444320000.0,28.5,59.75,6.025,1004.25
1444406400.0,28.5,54.625,6.7125,1005.0
1444492800.0,28.571428571428573,51.57142857142857,6.885714285714286,1008.7142857142856
1444579200.0,29.25,54.125,3.25,1010.0
1444665600.0,29.5,62.875,3.725000000000001,1011.0
1444752000.0,28.125,63.625,4.875000000000001,1013.25
1444838400.0,27.5,66.0,0.4625,1013.5
1444924800.0,27.875,62.625,0.925,1013.5
1445011200.0,28.0,63.75,3.7125,1012.25
1445097600.0,26.857142857142858,71.71428571428571,11.1125,1013.125
1445184000.0,28.142857142857142,66.28571428571429,3.4571428571428577,1011.7142857142856
1445270400.0,27.714285714285715,64.85714285714286,2.9142857142857146,1009.8571428571428
1445356800.0,26.5,62.125,2.0875,1011.875
1445443200.0,24.75,56.0,4.4,1012.25
1445529600.0,24.0,51.625,4.862500000000001,1011.875
1445616000.0,24.875,53.25,1.4,1011.625
1445702400.0,26.375,47.125,5.575,1012.75
1445788800.0,25.625,52.125,5.574999999999999,1014.875
1445875200.0,24.75,54.25,3.475,1013.875
1445961600.0,20.875,57.25,7.875000000000001,1015.875
1446048000.0,22.125,63.5,1.85,1016.875
1446134400.0,22.375,67.25,1.625,1016.375
1446220800.0,22.375,69.375,1.1625,1016.125
1446307200.0,22.875,70.5,0.925,1016.25
1446393600.0,23.375,71.375,0.4625,1015.875
1446480000.0,24.0,67.875,0.475,1014.25
1446566400.0,23.75,69.0,0.925,1012.25
1446652800.0,22.125,75.25,5.100000000000001,1012.375
1446739200.0,22.875,74.375,2.325,1012.75
1446825600.0,21.875,74.875,1.1625,1014.625
1446912000.0,21.875,70.25,1.8625,1015.875
1446998400.0,21.75,73.625,0.7,1015.0
1447084800.0,22.75,72.625,0.7,1013.5
1447171200.0,21.875,59.5,4.6375,1014.375
1447257600.0,21.875,60.5,5.7875,1015.375
1447344000.0,22.375,59.375,5.325,1014.875
1447430400.0,22.375,59.625,3.475,1012.0
1447516800.0,22.5,62.0,0.0,1012.0
1447603200.0,21.875,50.375,2.7875,1012.625
1447689600.0,19.875,48.375,5.1000000000000005,1013.5
1447776000.0,18.5,57.625,4.4,1016.375
1447862400.0,18.5,64.75,0.925,1017.5
1447948800.0,18.5,66.0,0.4625,1016.125
1448035200.0,18.75,67.625,1.3875000000000002,1015.5
1448121600.0,18.625,64.875,0.4625,1015.125
1448208000.0,17.0,73.5,0.0,1015.875
1448294400.0,18.5,63.0,1.625,1016.0
1448380800.0,19.375,56.375,5.7875000000000005,1014.75
1448467200.0,20.0,59.5,0.925,1012.75
1448553600.0,18.5,66.25,2.55,1011.25
1448640000.0,18.75,82.125,1.1625,1015.375
1448726400.0,18.125,81.25,1.1625,1018.0
1448812800.0,19.5,82.375,0.925,1016.75
1448899200.0,19.25,78.75,1.625,1014.75
1448985600.0,18.125,72.125,2.0875,1016.125
1449072000.0,17.625,70.25,7.1875,1016.0
1449158400.0,17.625,67.5,4.6375,1015.0
1449244800.0,17.5,72.375,0.925,1015.875
1449331200.0,17.125,75.875,1.4,1016.5
1449417600.0,17.625,76.875,2.3125,1017.25
1449504000.0,18.428571428571427,71.28571428571429,1.0571428571428572,1015.7142857142856
1449590400.0,18.375,78.125,3.475,1015.25
1449676800.0,19.0,77.25,2.0875000000000004,1011.75
1449763200.0,17.25,77.875,5.1000000000000005,1011.375
1449849600.0,13.25,91.0,4.4,1014.25
1449936000.0,12.875,67.0,3.475,1016.5
1450022400.0,13.25,63.625,7.400000000000001,1017.0
1450108800.0,13.125,63.875,5.325,1016.5
1450195200.0,13.0,65.5,1.1625,1016.375
1450281600.0,12.25,73.625,0.925,1016.875
1450368000.0,12.875,71.25,4.4,1018.625
1450454400.0,12.375,71.875,3.4875,1019.0
1450540800.0,11.75,70.25,1.1625,1018.5
1450627200.0,12.625,74.75,1.3875000000000002,1018.875
1450713600.0,12.0,79.875,0.7,1020.875
1450800000.0,12.5,81.375,3.4875000000000003,1020.625
1450886400.0,11.25,68.625,6.025,1021.25
1450972800.0,11.5,66.125,5.5625,1022.0
1451059200.0,12.75,64.5,6.4875,1021.125
1451145600.0,15.375,63.25,7.8875,1020.625
1451232000.0,17.125,58.125,10.8875,1020.875
1451318400.0,16.375,65.0,7.4125,1018.125
1451404800.0,15.5,71.75,2.1,1017.5
1451491200.0,15.0,71.375,2.0875,1020.5
1451577600.0,14.714285714285714,72.28571428571429,1.0571428571428572,1021.1428571428572
1451664000.0,14.0,75.875,2.0875,1021.0
1451750400.0,14.375,74.75,5.112500000000001,1018.5
1451836800.0,15.75,77.125,0.0,1017.625
1451923200.0,15.833333333333334,88.83333333333333,0.6166666666666667,1017.0
1452009600.0,17.375,81.625,2.3125,1016.5
1452096000.0,17.125,87.0,0.0,1018.125
1452182400.0,15.5,83.25,7.887500000000001,1017.25
1452268800.0,15.857142857142858,65.14285714285714,8.471428571428572,1015.4285714285714
1452355200.0,15.625,74.375,2.775,1017.5
1452441600.0,15.75,74.875,1.625,1017.5
1452528000.0,18.0,69.6875,6.03125,1014.9375
1452614400.0,18.266666666666666,75.8,5.08,1014.3333333333334
1452700800.0,15.5625,80.4375,4.300000000000001,1016.125
1452787200.0,13.0,84.1875,10.775,1017.0
1452873600.0,13.6,80.06666666666666,11.239999999999998,1014.6
1452960000.0,14.0,77.66666666666667,2.1066666666666665,1016.2
1453046400.0,13.266666666666667,80.46666666666667,1.4800000000000002,1014.7333333333332
1453132800.0,12.357142857142858,88.57142857142857,4.65,1015.2857142857144
1453219200.0,12.066666666666666,84.2,6.193333333333333,1018.6666666666666
1453305600.0,12.1875,73.1875,7.887499999999998,1020.1875
1453392000.0,11.733333333333333,83.4,3.586666666666667,1019.4666666666668
1453478400.0,14.4375,75.875,3.2500000000000004,1019.8125
1453564800.0,11.1875,86.25,6.624999999999999,1019.0625
1453651200.0,11.666666666666666,75.4,4.58,1017.2
1453737600.0,14.5625,79.6875,2.5500000000000003,1015.375
1453824000.0,17.583333333333332,69.16666666666667,4.025,1014.1666666666666
1453910400.0,16.857142857142858,69.35714285714286,5.028571428571429,1015.0714285714286
1453996800.0,19.5625,70.625,2.54375,1017.375
1454083200.0,20.142857142857142,78.5,1.2,1014.5
1454169600.0,17.375,78.25,7.762500000000001,1016.0
1454256000.0,15.846153846153848,65.76923076923077,7.269230769230768,1017.1538461538462
1454342400.0,15.266666666666667,55.86666666666667,8.893333333333333,1018.2
1454428800.0,13.125,66.5,7.622222222222222,1018.0
1454515200.0,16.363636363636363,53.0,6.941666666666666,1017.3333333333334
1454601600.0,12.666666666666666,70.66666666666667,2.1666666666666665,1016.8333333333334
1454688000.0,15.333333333333334,69.5,3.7,1013.3333333333334
1454774400.0,15.625,77.0,2.7875,1015.75
1454860800.0,17.09090909090909,67.18181818181819,5.9,1017.0909090909092
1454947200.0,17.76923076923077,67.46153846153847,5.846153846153848,1014.6923076923076
1455033600.0,18.133333333333333,64.86666666666666,2.1,1012.7333333333332
1455120000.0,19.6875,54.75,6.03125,1011.25
1455206400.0,19.2,57.86666666666667,0.7466666666666666,1012.5333333333332
1455292800.0,17.066666666666666,62.13333333333333,5.806666666666668,1014.8666666666668
1455379200.0,17.642857142857142,61.92857142857143,8.071428571428571,1017.2142857142856
1455465600.0,17.6,59.53333333333333,5.94,1018.7333333333332
1455552000.0,18.214285714285715,56.142857142857146,5.435714285714285,1020.0714285714286
1455638400.0,18.714285714285715,59.285714285714285,3.7071428571428577,1019.1428571428572
1455724800.0,19.466666666666665,76.0,5.186666666666667,1017.4
1455811200.0,23.153846153846157,70.23076923076923,4.146153846153847,1014.6153846153846
1455897600.0,23.625,73.125,11.11875,1014.125
1455984000.0,21.0,61.125,17.137500000000003,1014.75
1456070400.0,21.0,51.42857142857143,15.20714285714286,1014.4285714285714
1456156800.0,21.428571428571427,50.642857142857146,9.785714285714286,1012.5
1456243200.0,21.6875,58.0625,2.4437500000000005,1012.9375
1456329600.0,22.5625,57.5,5.3375,1015.5
1456416000.0,22.8,55.6,2.48,1018.4
1456502400.0,22.8,59.0,3.333333333333334,1018.4666666666668
1456588800.0,23.0,63.0625,3.712500000000001,1018.9375
1456675200.0,23.875,63.9375,3.712500000000001,1018.625
1456761600.0,24.916666666666668,57.41666666666666,1.7,1015.0
1456848000.0,24.933333333333334,57.06666666666667,1.7333333333333334,1015.4
1456934400.0,26.0,55.61538461538461,4.292307692307692,1014.6153846153846
1457020800.0,27.3125,44.25,6.14375,1012.6875
1457107200.0,23.933333333333334,57.13333333333333,11.0,1012.6666666666666
1457193600.0,22.8125,66.5625,5.21875,1013.0625
1457280000.0,23.714285714285715,64.14285714285714,5.171428571428572,1012.3571428571428
1457366400.0,23.428571428571427,60.21428571428572,6.742857142857142,1011.6428571428572
1457452800.0,24.0,57.5625,9.375,1012.0625
1457539200.0,25.5625,57.4375,7.981249999999999,1013.1875
1457625600.0,25.066666666666663,67.8,6.546666666666667,1012.5333333333332
1457712000.0,24.5625,66.9375,9.4875,1009.5625
1457798400.0,24.25,65.1875,6.84375,1011.1875
1457884800.0,22.375,66.0,6.275,1014.3125
1457971200.0,24.066666666666663,58.93333333333333,8.646666666666667,1014.8666666666668
1458057600.0,23.9375,53.75,10.88125,1012.8125
1458144000.0,26.3125,50.3125,6.84375,1010.4375
1458230400.0,26.1875,61.25,6.7125,1009.8125
1458316800.0,26.785714285714285,61.85714285714285,3.578571428571429,1009.2142857142856
1458403200.0,27.133333333333333,58.73333333333333,2.8466666666666667,1010.3333333333334
1458489600.0,26.625,43.375,12.2625,1011.125
1458576000.0,25.0625,37.875,22.1,1009.375
1458662400.0,26.2,43.266666666666666,10.641666666666667,1010.0
1458748800.0,28.133333333333333,46.86666666666667,3.2133333333333334,1013.3333333333334
1458835200.0,29.875,50.1875,3.3687500000000004,1013.1875
1458921600.0,24.666666666666668,62.66666666666666,9.393333333333334,1013.6
1459008000.0,26.25,53.6875,9.156249999999996,1012.8125
1459094400.0,25.933333333333334,52.8,6.546666666666667,7679.333333333333
1459180800.0,27.125,47.75,7.293749999999999,1011.3125
1459267200.0,29.571428571428573,39.785714285714285,7.021428571428571,1011.1428571428572
1459353600.0,30.0,39.73333333333333,4.333333333333333,1009.2
1459440000.0,30.571428571428573,38.21428571428572,12.035714285714285,1006.7142857142856
1459526400.0,32.3125,38.5625,5.4625,1008.0
1459612800.0,33.3125,44.25,2.55,1008.375
1459699200.0,32.8125,33.125,8.0,1006.6875
1459785600.0,32.3125,29.3125,9.26875,1007.0
1459872000.0,31.375,33.125,3.475,1006.875
1459958400.0,29.933333333333334,37.0,10.85,1007.2666666666668
1460044800.0,29.266666666666666,36.0,4.686666666666667,1009.2
1460131200.0,30.73333333333333,32.46666666666667,12.61875,1009.3125
1460217600.0,32.25,29.0,5.225,1008.8125
1460304000.0,29.8,35.0,16.04,1009.4
1460390400.0,30.2,36.2,19.380000000000003,1006.3333333333334
1460476800.0,31.75,28.0625,18.64375,1003.3125
1460563200.0,33.125,23.875,10.425,1003.8125
1460649600.0,33.625,25.375,9.8375,1004.625
1460736000.0,35.6875,23.6875,11.1125,1003.0625
1460822400.0,34.666666666666664,23.866666666666667,9.386666666666663,1002.6666666666666
1460908800.0,34.625,30.125,7.175,1004.6875
1460995200.0,34.0,33.6,4.566666666666666,1005.8666666666668
1461081600.0,34.0625,25.9375,14.01875,1006.4375
1461168000.0,34.0,24.666666666666668,15.75,1003.4
1461254400.0,33.25,24.25,8.35,1001.7272727272727
1461340800.0,31.916666666666668,21.818181818181817,19.65384615384616,1001.8461538461538
1461427200.0,31.3125,22.125,10.1875,1003.0625
1461513600.0,31.75,22.8125,6.949999999999999,1005.5625
1461600000.0,33.4375,25.1875,3.83125,1007.1875
1461686400.0,33.125,29.0625,4.981249999999999,1005.6875
1461772800.0,34.15384615384615,21.76923076923077,11.823076923076922,1004.6923076923076
1461859200.0,34.07142857142857,23.285714285714285,9.123076923076924,1005.7142857142856
1461945600.0,33.0625,25.5625,5.2125,1004.8125
1462032000.0,34.6875,23.375,8.575,1002.4375
1462118400.0,38.0,18.466666666666665,9.513333333333334,1002.2
1462204800.0,35.5,30.375,6.49375,1004.3125
1462291200.0,33.714285714285715,31.857142857142858,10.464285714285715,1003.7857142857144
1462377600.0,30.6,42.0,11.246666666666666,1007.4666666666668
1462464000.0,31.4375,37.4375,8.225,1007.0
1462550400.0,33.3125,37.1875,4.65,1005.5625
1462636800.0,35.13333333333333,36.333333333333336,7.293333333333332,1005.9333333333332
1462723200.0,33.53333333333333,40.6,18.425,1006.0625
1462809600.0,34.0,39.75,10.55625,1006.5625
1462896000.0,32.5,49.9375,7.774999999999999,1006.0625
1462982400.0,35.375,40.0,5.1,1002.25
1463068800.0,37.294117647058826,28.11764705882353,8.07058823529412,1001.3529411764706
1463155200.0,36.5625,31.875,4.16875,1003.125
1463241600.0,37.25,29.5,4.75,1003.5625
1463328000.0,37.21428571428572,23.5,9.019999999999998,1000.8
1463414400.0,37.5,25.8125,9.6125,998.9375
1463500800.0,37.75,27.625,8.45,997.8125
1463587200.0,37.375,40.5,9.3875,998.625
1463673600.0,37.4,44.2,8.413333333333334,996.9333333333332
1463760000.0,36.13333333333333,45.4,10.873333333333331,995.9333333333332
1463846400.0,36.8,44.8,6.553333333333333,996.4666666666668
1463932800.0,32.214285714285715,47.92857142857143,14.95,999.5714285714286
1464019200.0,31.526315789473685,53.526315789473685,8.494736842105263,1000.7368421052632
1464105600.0,33.21739130434783,46.60869565217392,10.160869565217393,997.4782608695652
1464192000.0,35.26923076923077,44.57692307692308,15.17692307692308,999.1538461538462
1464278400.0,38.27272727272727,26.09090909090909,15.31818181818182,999.9545454545456
1464364800.0,36.0625,37.25,14.405555555555551,999.8333333333334
1464451200.0,31.5,57.0625,11.68125,1001.25
1464537600.0,26.8125,74.8125,9.4875,1003.8125
1464624000.0,32.642857142857146,51.21428571428572,7.4071428571428575,1002.3076923076924
1464710400.0,36.0,42.2,9.133333333333336,1002.7333333333332
1464796800.0,37.5625,35.3125,11.93125,1002.0
1464883200.0,37.5625,40.6875,2.7812500000000004,1002.25
1464969600.0,38.2,42.06666666666667,3.2066666666666666,1001.8666666666668
1465056000.0,36.16666666666666,51.75,8.5,1002.8333333333334
1465142400.0,35.42857142857143,45.71428571428572,11.0,1001.5714285714286
1465228800.0,34.625,59.1875,21.30625,1002.0625
1465315200.0,36.07142857142857,44.642857142857146,8.485714285714284,999.2142857142856
1465401600.0,35.733333333333334,43.73333333333333,9.26,938.0666666666668
1465488000.0,36.13333333333333,41.86666666666667,10.08125,998.25
1465574400.0,33.4375,49.9375,8.812500000000002,999.0
1465660800.0,35.5,37.125,9.1625,998.8125
1465747200.0,36.0,43.3125,12.85,998.1875
1465833600.0,32.625,55.125,11.859999999999998,997.8125
1465920000.0,34.733333333333334,48.86666666666667,10.513333333333332,996.1333333333332
1466006400.0,33.5,51.285714285714285,11.39285714285714,999.0
1466092800.0,34.1875,52.25,7.425,999.4285714285714
1466179200.0,35.857142857142854,50.57142857142857,10.857142857142858,1000.8571428571428
1466265600.0,35.625,53.25,9.387499999999998,1001.375
1466352000.0,30.9375,73.9375,7.643750000000001,1000.6875
1466438400.0,32.875,62.1875,8.91875,999.9375
1466524800.0,33.125,60.8125,7.418750000000001,1001.5625
1466611200.0,33.84615384615385,51.61538461538461,5.875000000000001,999.6923076923076
1466697600.0,36.4375,46.5625,7.762499999999999,998.3125
1466784000.0,35.42857142857143,55.92857142857143,9.664285714285713,1000.0714285714286
1466870400.0,34.86666666666667,57.46666666666667,7.660000000000001,1000.375
1466956800.0,34.3125,61.25,7.993749999999999,998.8666666666668
1467043200.0,30.785714285714285,75.07142857142857,5.435714285714285,1001.5
1467129600.0,35.375,58.875,8.449999999999998,1001.1875
1467216000.0,35.46666666666667,60.2,6.793333333333333,997.8666666666668
1467302400.0,32.125,73.4,8.35,1002.5625
1467388800.0,28.4,80.0,5.231250000000001,998.375
1467475200.0,29.5625,78.125,1.96875,998.25
1467561600.0,30.6875,76.3125,3.481250000000001,997.125
1467648000.0,33.25,68.6875,5.3375,995.5625
1467734400.0,33.266666666666666,64.06666666666666,8.878571428571428,996.8666666666668
1467820800.0,33.5,63.0,5.91875,997.6875
1467907200.0,30.8,75.86666666666666,5.433333333333335,997.4
1467993600.0,33.25,66.0625,6.73125,996.75
1468080000.0,32.5625,65.6875,4.7,996.0625
1468166400.0,31.5,71.9375,8.046666666666665,997.75
1468252800.0,30.5,80.1875,5.5625,999.0625
1468339200.0,31.25,76.3125,6.806666666666667,998.4375
1468425600.0,30.4375,80.4375,5.21875,998.375
1468512000.0,31.0,78.0625,7.271428571428571,998.625
1468598400.0,27.125,93.875,4.371428571428571,999.875
1468684800.0,28.125,86.5625,6.6000000000000005,1001.3333333333334
1468771200.0,27.666666666666668,91.26666666666668,7.653333333333333,1000.8
1468857600.0,32.3125,69.125,13.656249999999998,999.875
1468944000.0,34.1875,59.5625,12.9625,999.625
1469030400.0,34.13333333333333,56.86666666666667,11.48,999.2666666666668
1469116800.0,34.125,56.125,8.687500000000002,999.3333333333334
1469203200.0,31.875,66.0,7.768750000000001,1001.625
1469289600.0,31.4375,72.25,2.43125,946.3125
1469376000.0,31.9375,69.125,2.9125000000000005,1001.875
1469462400.0,30.3125,82.0,6.485714285714287,1003.125
1469548800.0,28.3125,88.25,4.293750000000001,1004.625
1469635200.0,29.53333333333333,81.33333333333333,5.186666666666667,1002.0666666666668
1469721600.0,27.375,92.4375,2.43125,1000.9375
1469808000.0,27.33333333333333,92.26666666666668,1.86,1001.2
1469894400.0,29.266666666666666,83.13333333333334,4.7,1000.6666666666666
1469980800.0,29.125,84.25,5.9125000000000005,999.125
1470067200.0,30.6875,72.125,6.375,310.4375
1470153600.0,32.5625,63.5625,5.45,998.5
1470240000.0,33.111111111111114,63.888888888888886,7.927777777777779,998.7777777777778
1470326400.0,33.8,61.66666666666666,4.319999999999999,999.3333333333334
1470412800.0,30.066666666666663,76.0,6.926666666666667,1000.8
1470499200.0,33.11764705882353,65.17647058823529,7.852941176470587,1000.529411764706
1470585600.0,33.80952380952381,62.38095238095238,9.440909090909091,999.6363636363636
1470672000.0,31.615384615384617,71.65384615384616,9.55,998.5
1470758400.0,32.0,71.25925925925925,10.159259259259262,999.3703703703704
1470844800.0,28.107142857142858,89.46428571428571,7.82142857142857,1001.6071428571428
1470931200.0,29.035714285714285,85.0,3.848148148148149,1002.2857142857144
1471017600.0,30.321428571428573,77.07142857142857,3.2296296296296303,1001.0714285714286
1471104000.0,28.933333333333334,83.7,6.369999999999998,633.9
1471190400.0,31.678571428571427,67.64285714285714,12.725,999.2857142857144
1471276800.0,31.33333333333333,66.41666666666667,14.66666666666667,-3.0416666666666665
1471363200.0,29.928571428571427,72.5,6.325,999.5185185185184
1471449600.0,29.88888888888889,79.81481481481481,1.7222222222222223,999.9230769230768
1471536000.0,32.07142857142857,68.28571428571429,1.917857142857143,999.8928571428572
1471622400.0,33.18518518518518,66.48148148148148,10.366666666666667,1000.16
1471708800.0,31.59259259259259,68.07407407407408,10.022222222222224,1001.1923076923076
1471795200.0,32.18518518518518,65.55555555555556,8.237037037037037,1002.8888888888888
1471881600.0,31.48,70.08,6.084,1003.24
1471968000.0,30.178571428571427,79.28571428571429,8.419230769230769,1002.5
1472054400.0,31.52,72.44,6.276923076923075,1004.4230769230768
1472140800.0,31.22222222222222,73.81481481481481,4.392592592592593,1005.2222222222222
1472227200.0,31.785714285714285,70.28571428571429,7.15,1006.1428571428572
1472313600.0,33.4,66.24,7.2719999999999985,1006.2
1472400000.0,29.571428571428573,82.32142857142857,5.825,1003.6071428571428
1472486400.0,30.04,76.8,8.903846153846153,1002.1923076923076
1472572800.0,27.25925925925926,89.55555555555556,6.729629629629631,1003.0370370370372
1472659200.0,27.96,87.24,4.148,1002.44
1472745600.0,30.73913043478261,71.73913043478261,13.204347826086956,1001.2727272727273
1472832000.0,30.894736842105264,62.68421052631579,13.263157894736842,1001.157894736842
1472918400.0,31.692307692307693,59.30769230769231,11.12307692307692,1002.9230769230768
1473004800.0,31.07692307692308,60.30769230769231,13.961538461538463,1003.2307692307692
1473091200.0,30.375,55.0,13.437499999999998,1003.75
1473177600.0,31.1,57.7,9.1,1003.4545454545456
1473264000.0,31.916666666666668,58.0,10.808333333333332,1005.1666666666666
1473350400.0,30.55555555555556,56.66666666666666,11.52222222222222,1004.3333333333334
1473436800.0,31.23076923076923,58.23076923076923,11.969230769230771,1005.2307692307692
1473523200.0,31.0,56.4,8.15,1003.8
1473609600.0,31.642857142857142,55.5,10.85,1005.0714285714286
1473696000.0,32.53333333333333,57.06666666666667,8.526666666666666,1006.4
1473782400.0,30.857142857142858,70.35714285714286,4.235714285714287,1006.9285714285714
1473868800.0,31.727272727272727,59.63636363636363,11.9,1004.75
1473955200.0,31.4,58.0,3.5200000000000005,1004.4
1474041600.0,32.30769230769231,58.0,2.707692307692308,1003.1538461538462
1474128000.0,32.25,58.833333333333336,17.908333333333335,1005.0
1474214400.0,32.375,59.458333333333336,2.0875,1004.7083333333334
1474300800.0,33.44444444444444,54.07407407407408,2.56923076923077,1003.5185185185184
1474387200.0,33.36,58.96,6.0920000000000005,1005.4
1474473600.0,30.03703703703704,67.62962962962963,8.107407407407404,1008.7777777777778
1474560000.0,31.0,66.10714285714286,3.571428571428573,1005.3214285714286
1474646400.0,31.24,66.48,5.496153846153845,1352.6153846153843
1474732800.0,31.130434782608692,62.30434782608695,3.1478260869565218,1004.782608695652
1474819200.0,31.48,60.88,2.986956521739131,1006.76
1474905600.0,32.18518518518518,57.81481481481482,1.7807692307692309,1006.7037037037036
1474992000.0,32.44,55.28,2.5200000000000005,1005.28
1475078400.0,32.22727272727273,61.31818181818182,3.963636363636364,1005.5909090909092
1475164800.0,32.214285714285715,59.35714285714285,2.582142857142858,1005.5714285714286
1475251200.0,32.541666666666664,61.91666666666666,3.170833333333334,1007.5
1475337600.0,32.81481481481482,61.81481481481482,4.122222222222223,1009.1111111111112
1475424000.0,33.26923076923077,59.57692307692308,3.992592592592593,1007.1851851851852
1475510400.0,30.55555555555556,69.81481481481481,5.770370370370371,1005.3703703703704
1475596800.0,28.83333333333333,71.875,3.325,1005.25
1475683200.0,30.703703703703702,64.81481481481481,3.2333333333333325,1007.1481481481482
1475769600.0,30.96,59.96,15.825,1007.2
1475856000.0,30.6,57.96,8.76153846153846,1006.8461538461538
1475942400.0,30.92,59.2,3.184000000000001,1005.96
1476028800.0,29.77777777777778,51.11111111111112,4.807407407407408,1006.1481481481482
1476115200.0,29.666666666666668,51.14814814814815,8.922222222222224,1006.5925925925926
1476201600.0,29.571428571428573,47.285714285714285,11.371428571428568,1006.25
1476288000.0,29.96296296296296,44.0,13.022222222222224,1008.3333333333334
1476374400.0,29.75,47.875,8.934782608695652,1009.125
1476460800.0,27.74074074074074,54.14814814814815,6.662962962962963,1010.5185185185184
1476547200.0,28.428571428571427,49.85714285714285,7.014285714285715,1011.8571428571428
1476633600.0,28.6,49.24,7.1160000000000005,1010.56
1476720000.0,28.5,48.458333333333336,7.668181818181818,1009.4583333333334
1476806400.0,28.925925925925927,49.18518518518518,6.459259259259259,1008.5555555555557
1476892800.0,29.07692307692308,47.73076923076923,9.124,1007.5384615384615
1476979200.0,28.40909090909091,50.40909090909091,10.695454545454549,1008.7272727272727
1477065600.0,29.33333333333333,49.48148148148148,13.323076923076924,1009.3703703703704
1477152000.0,27.5,54.96153846153846,11.546153846153846,1009.3076923076924
1477238400.0,28.5,51.42307692307692,11.188461538461535,1008.2692307692308
1477324800.0,28.04,54.56,12.388461538461542,1008.9230769230768
1477411200.0,27.57692307692308,56.19230769230769,5.699999999999998,1011.7307692307692
1477497600.0,26.55555555555556,59.37037037037037,6.044444444444444,1014.6296296296296
1477584000.0,25.51851851851852,58.77777777777778,7.277777777777777,1012.4074074074074
1477670400.0,25.814814814814813,62.77777777777778,1.7148148148148148,1013.0
1477756800.0,24.82608695652174,71.04347826086956,2.0130434782608697,1014.608695652174
1477843200.0,24.53846153846154,66.8076923076923,1.6423076923076925,1017.8076923076924
1477929600.0,24.384615384615383,58.73076923076923,2.7153846153846155,1016.3846153846154
1478016000.0,23.727272727272727,65.9090909090909,1.4318181818181817,1016.5909090909092
1478102400.0,25.64,59.76,2.2320000000000007,1016.24
1478188800.0,24.814814814814813,58.2962962962963,4.122222222222222,1012.6296296296296
1478275200.0,23.115384615384617,66.57692307692308,5.784615384615384,1010.3461538461538
1478361600.0,22.925925925925927,63.851851851851855,2.411111111111111,1011.5185185185184
1478448000.0,24.545454545454547,51.31818181818182,8.172727272727274,1012.7727272727273
1478534400.0,23.73076923076923,52.26923076923077,12.750000000000002,1013.64
1478620800.0,23.0,49.7037037037037,7.074074074074074,1014.6666666666666
1478707200.0,23.51851851851852,50.14814814814815,3.225925925925927,1013.8148148148148
1478793600.0,23.92,54.04,2.968,1014.08
1478880000.0,23.53846153846154,58.03846153846154,2.7846153846153854,1015.1538461538462
1478966400.0,24.296296296296298,55.81481481481482,4.4,1016.5185185185184
1479052800.0,23.346153846153847,60.73076923076923,1.4961538461538462,1015.7307692307692
1479139200.0,22.24,55.72,4.087999999999999,1016.24
1479225600.0,21.76923076923077,53.23076923076923,7.138461538461537,1017.5384615384615
1479312000.0,21.73076923076923,51.73076923076923,11.55,1350.2962962962963
1479398400.0,21.73076923076923,53.61538461538461,7.7799999999999985,1014.6923076923076
1479484800.0,20.666666666666668,60.66666666666666,2.8400000000000003,1012.4666666666668
1479571200.0,22.25,59.9,2.5050000000000003,1013.35
1479657600.0,21.53846153846154,60.46153846153846,2.7153846153846155,1013.0
1479744000.0,22.57894736842105,50.1578947368421,7.999999999999998,1012.8947368421052
1479830400.0,22.82608695652174,51.43478260869565,6.604347826086956,1013.1739130434784
1479916800.0,21.42105263157895,51.47368421052632,8.289473684210526,1014.9473684210526
1480003200.0,23.6,30.55,15.085000000000004,1012.95
1480089600.0,24.294117647058822,32.64705882352941,14.494117647058824,1013.25
1480176000.0,23.63636363636364,33.63636363636363,12.45909090909091,1013.5909090909092
1480262400.0,22.454545454545453,37.31818181818182,9.185714285714289,12.045454545454543
1480348800.0,21.61111111111111,53.72222222222222,1.238888888888889,1015.0
1480435200.0,19.869565217391305,80.08695652173913,4.269565217391306,1016.608695652174
1480521600.0,19.75,84.0,2.704166666666667,1016.875
1480608000.0,19.20833333333333,75.875,4.945833333333334,1017.75
1480694400.0,21.20833333333333,52.16666666666666,5.866666666666666,1019.3333333333334
1480780800.0,18.9,55.25,5.666666666666666,1019.7
1480867200.0,18.63636363636364,56.59090909090909,4.9523809523809526,1017.0454545454544
1480953600.0,18.53846153846154,69.92307692307692,2.5038461538461543,1017.9615384615385
1481040000.0,18.25,74.35,0.925,1017.421052631579
1481126400.0,16.9,73.3,1.765,1016.2
1481212800.0,19.416666666666668,68.125,1.3125,1013.4166666666666
1481299200.0,16.444444444444443,82.83333333333333,5.355555555555556,1014.0
1481385600.0,20.041666666666668,69.58333333333333,4.716666666666667,1013.2916666666666
1481472000.0,19.90909090909091,63.86363636363637,3.2818181818181817,1014.181818181818
1481558400.0,19.05,62.35,3.4300000000000006,1015.1
1481644800.0,18.55555555555556,58.61111111111112,8.027777777777775,1017.3333333333334
1481731200.0,18.166666666666668,56.625,9.879166666666666,1016.6666666666666
1481817600.0,15.833333333333334,63.27777777777778,3.9166666666666674,1018.7777777777778
1481904000.0,17.5,63.388888888888886,6.731578947368422,1016.9473684210526
1481990400.0,16.083333333333332,64.54166666666667,6.420833333333331,1018.0833333333334
1482076800.0,17.857142857142858,56.095238095238095,10.414285714285716,1017.4285714285714
1482163200.0,19.8,48.53333333333333,15.926666666666671,1015.2
1482249600.0,18.05,54.3,19.40476190476191,1015.6190476190476
1482336000.0,17.285714285714285,57.85714285714285,6.1809523809523785,1016.1428571428572
1482422400.0,15.55,74.7,1.205,1014.25
1482508800.0,17.318181818181817,78.63636363636364,5.236363636363636,1011.318181818182
1482595200.0,14.0,94.3,9.085,1014.35
1482681600.0,17.142857142857142,74.85714285714286,8.784210526315787,1016.952380952381
1482768000.0,16.85,67.55,8.335,1017.2
1482854400.0,17.217391304347824,68.04347826086956,3.547826086956522,1015.5652173913044
1482940800.0,15.238095238095235,87.85714285714286,6.0,1016.904761904762
1483027200.0,14.095238095238097,89.66666666666667,6.266666666666667,1017.904761904762
1483113600.0,15.052631578947368,87.0,7.325,1016.1
1483200000.0,10.0,100.0,0.0,1016.0
